name,mp,fg,fga,fg%,3p,3pa,3p%,ft,fta,ft%,orb,drb,trb,ast,stl,blk,tov,pf,pts,+/-,start,win,game_id
Kevin Durant,39.0,14.0,28.0,0.5,1.0,5.0,0.2,10.0,13.0,0.769,0.0,11.0,11.0,2.0,1.0,1.0,8.0,2.0,39.0,18.0,1,0,202310260LAL
Grayson Allen,34.0,2.0,6.0,0.333,2.0,4.0,0.5,0.0,0.0,,1.0,5.0,6.0,4.0,0.0,0.0,0.0,3.0,6.0,-2.0,1,0,202310260LAL
Josh Okogie,32.0,3.0,5.0,0.6,2.0,4.0,0.5,2.0,2.0,1.0,4.0,4.0,8.0,3.0,0.0,1.0,1.0,2.0,10.0,3.0,1,0,202310260LAL
Eric Gordon,30.0,6.0,16.0,0.375,2.0,8.0,0.25,1.0,1.0,1.0,1.0,1.0,2.0,0.0,0.0,0.0,2.0,2.0,15.0,-27.0,1,0,202310260LAL
Jusuf Nurkić,28.0,1.0,5.0,0.2,0.0,2.0,0.0,2.0,2.0,1.0,3.0,6.0,9.0,3.0,3.0,0.0,4.0,5.0,4.0,-5.0,1,0,202310260LAL
Jordan Goodwin,29.0,6.0,15.0,0.4,1.0,5.0,0.2,1.0,3.0,0.333,0.0,6.0,6.0,2.0,2.0,0.0,1.0,2.0,14.0,8.0,0,0,202310260LAL
Drew Eubanks,17.0,1.0,2.0,0.5,0.0,0.0,,0.0,0.0,,1.0,3.0,4.0,2.0,0.0,0.0,2.0,3.0,2.0,1.0,0,0,202310260LAL
Yuta Watanabe,14.0,1.0,2.0,0.5,1.0,1.0,1.0,0.0,0.0,,0.0,1.0,1.0,0.0,0.0,0.0,1.0,2.0,3.0,-14.0,0,0,202310260LAL
Nassir Little,13.0,0.0,2.0,0.0,0.0,2.0,0.0,2.0,2.0,1.0,0.0,2.0,2.0,0.0,1.0,1.0,1.0,0.0,2.0,-7.0,0,0,202310260LAL
Udoka Azubuike,,,,,,,,,,,,,,,,,,,,,0,0,202310260LAL
Keita Bates-Diop,,,,,,,,,,,,,,,,,,,,,0,0,202310260LAL
Bol Bol,,,,,,,,,,,,,,,,,,,,,0,0,202310260LAL
Saben Lee,,,,,,,,,,,,,,,,,,,,,0,0,202310260LAL
Chimezie Metu,,,,,,,,,,,,,,,,,,,,,0,0,202310260LAL
Anthony Davis,39.0,10.0,17.0,0.588,1.0,2.0,0.5,9.0,10.0,0.9,3.0,9.0,12.0,2.0,3.0,3.0,2.0,2.0,30.0,7.0,1,1,202310260LAL
LeBron James,35.0,7.0,14.0,0.5,1.0,5.0,0.2,6.0,8.0,0.75,1.0,7.0,8.0,9.0,2.0,2.0,5.0,1.0,21.0,22.0,1,1,202310260LAL
D'Angelo Russell,33.0,6.0,16.0,0.375,1.0,7.0,0.143,1.0,1.0,1.0,0.0,4.0,4.0,5.0,2.0,1.0,3.0,2.0,14.0,8.0,1,1,202310260LAL
Austin Reaves,27.0,4.0,7.0,0.571,1.0,2.0,0.5,1.0,2.0,0.5,1.0,1.0,2.0,1.0,1.0,0.0,1.0,5.0,10.0,-11.0,1,1,202310260LAL
Taurean Prince,18.0,0.0,5.0,0.0,0.0,1.0,0.0,0.0,0.0,,0.0,0.0,0.0,0.0,1.0,0.0,0.0,3.0,0.0,-15.0,1,1,202310260LAL
Gabe Vincent,35.0,3.0,10.0,0.3,0.0,5.0,0.0,1.0,2.0,0.5,1.0,2.0,3.0,6.0,3.0,0.0,0.0,1.0,7.0,13.0,0,1,202310260LAL
Christian Wood,21.0,2.0,7.0,0.286,0.0,2.0,0.0,3.0,4.0,0.75,2.0,8.0,10.0,1.0,0.0,0.0,1.0,2.0,7.0,23.0,0,1,202310260LAL
Rui Hachimura,12.0,2.0,3.0,0.667,1.0,2.0,0.5,2.0,2.0,1.0,0.0,0.0,0.0,0.0,1.0,1.0,1.0,2.0,7.0,-13.0,0,1,202310260LAL
Cam Reddish,11.0,2.0,5.0,0.4,0.0,3.0,0.0,0.0,0.0,,0.0,1.0,1.0,0.0,0.0,0.0,1.0,2.0,4.0,-12.0,0,1,202310260LAL
Jaxson Hayes,5.0,0.0,0.0,,0.0,0.0,,0.0,0.0,,0.0,2.0,2.0,0.0,1.0,0.0,2.0,3.0,0.0,3.0,0,1,202310260LAL
Colin Castleton,,,,,,,,,,,,,,,,,,,,,0,1,202310260LAL
Max Christie,,,,,,,,,,,,,,,,,,,,,0,1,202310260LAL
D'Moi Hodge,,,,,,,,,,,,,,,,,,,,,0,1,202310260LAL
Maxwell Lewis,,,,,,,,,,,,,,,,,,,,,0,1,202310260LAL
Tyrese Maxey,40.0,10.0,22.0,0.455,3.0,8.0,0.375,8.0,10.0,0.8,0.0,4.0,4.0,8.0,2.0,0.0,0.0,3.0,31.0,0.0,1,0,202310260MIL
Tobias Harris,37.0,8.0,9.0,0.889,3.0,3.0,1.0,1.0,2.0,0.5,0.0,7.0,7.0,2.0,0.0,0.0,2.0,2.0,20.0,-14.0,1,0,202310260MIL
Joel Embiid,36.0,9.0,21.0,0.429,3.0,7.0,0.429,3.0,8.0,0.375,0.0,7.0,7.0,6.0,0.0,1.0,7.0,5.0,24.0,-1.0,1,0,202310260MIL
P.J. Tucker,25.0,0.0,2.0,0.0,0.0,2.0,0.0,0.0,0.0,,1.0,6.0,7.0,0.0,2.0,0.0,0.0,5.0,0.0,2.0,1,0,202310260MIL
De'Anthony Melton,24.0,3.0,10.0,0.3,2.0,6.0,0.333,2.0,2.0,1.0,1.0,1.0,2.0,4.0,2.0,0.0,1.0,2.0,10.0,-4.0,1,0,202310260MIL
Kelly Oubre Jr.,32.0,9.0,11.0,0.818,5.0,6.0,0.833,4.0,4.0,1.0,1.0,3.0,4.0,0.0,1.0,0.0,3.0,4.0,27.0,14.0,0,0,202310260MIL
Danny Green,13.0,0.0,1.0,0.0,0.0,1.0,0.0,0.0,0.0,,0.0,2.0,2.0,1.0,1.0,0.0,0.0,0.0,0.0,2.0,0,0,202310260MIL
Patrick Beverley,13.0,1.0,1.0,1.0,0.0,0.0,,0.0,0.0,,0.0,2.0,2.0,2.0,0.0,0.0,0.0,2.0,2.0,6.0,0,0,202310260MIL
Paul Reed,11.0,1.0,2.0,0.5,0.0,1.0,0.0,1.0,2.0,0.5,1.0,3.0,4.0,2.0,0.0,1.0,2.0,4.0,3.0,0.0,0,0,202310260MIL
Jaden Springer,4.0,0.0,1.0,0.0,0.0,1.0,0.0,0.0,0.0,,0.0,0.0,0.0,0.0,0.0,2.0,0.0,1.0,0.0,-10.0,0,0,202310260MIL
Mo Bamba,,,,,,,,,,,,,,,,,,,,,0,0,202310260MIL
Danuel House Jr.,,,,,,,,,,,,,,,,,,,,,0,0,202310260MIL
Furkan Korkmaz,,,,,,,,,,,,,,,,,,,,,0,0,202310260MIL
Filip Petrušev,,,,,,,,,,,,,,,,,,,,,0,0,202310260MIL
Damian Lillard,37.0,9.0,20.0,0.45,4.0,12.0,0.333,17.0,17.0,1.0,0.0,8.0,8.0,4.0,0.0,0.0,0.0,2.0,39.0,12.0,1,1,202310260MIL
Giannis Antetokounmpo,35.0,10.0,22.0,0.455,0.0,3.0,0.0,3.0,9.0,0.333,5.0,8.0,13.0,3.0,2.0,2.0,7.0,4.0,23.0,-13.0,1,1,202310260MIL
Malik Beasley,31.0,2.0,4.0,0.5,1.0,1.0,1.0,0.0,0.0,,0.0,4.0,4.0,3.0,2.0,0.0,2.0,1.0,5.0,-5.0,1,1,202310260MIL
Brook Lopez,28.0,5.0,7.0,0.714,3.0,4.0,0.75,0.0,0.0,,1.0,1.0,2.0,0.0,0.0,0.0,2.0,4.0,13.0,11.0,1,1,202310260MIL
Khris Middleton,16.0,2.0,5.0,0.4,1.0,3.0,0.333,1.0,2.0,0.5,0.0,3.0,3.0,4.0,2.0,0.0,2.0,0.0,6.0,14.0,1,1,202310260MIL
Jae Crowder,26.0,3.0,4.0,0.75,1.0,1.0,1.0,2.0,2.0,1.0,0.0,4.0,4.0,2.0,2.0,0.0,1.0,3.0,9.0,11.0,0,1,202310260MIL
Pat Connaughton,20.0,2.0,6.0,0.333,1.0,4.0,0.25,2.0,2.0,1.0,0.0,2.0,2.0,2.0,0.0,1.0,0.0,0.0,7.0,-5.0,0,1,202310260MIL
Bobby Portis,19.0,5.0,8.0,0.625,0.0,0.0,,0.0,4.0,0.0,2.0,4.0,6.0,2.0,0.0,1.0,0.0,3.0,10.0,-10.0,0,1,202310260MIL
MarJon Beauchamp,16.0,2.0,3.0,0.667,0.0,1.0,0.0,0.0,0.0,,1.0,1.0,2.0,0.0,0.0,0.0,0.0,3.0,4.0,-3.0,0,1,202310260MIL
Cameron Payne,8.0,1.0,3.0,0.333,0.0,1.0,0.0,0.0,0.0,,0.0,0.0,0.0,0.0,1.0,0.0,0.0,3.0,2.0,-7.0,0,1,202310260MIL
Thanasis Antetokounmpo,,,,,,,,,,,,,,,,,,,,,0,1,202310260MIL
A.J. Green,,,,,,,,,,,,,,,,,,,,,0,1,202310260MIL
Andre Jackson Jr.,,,,,,,,,,,,,,,,,,,,,0,1,202310260MIL
Chris Livingston,,,,,,,,,,,,,,,,,,,,,0,1,202310260MIL
Robin Lopez,,,,,,,,,,,,,,,,,,,,,0,1,202310260MIL
Max Strus,38.0,9.0,17.0,0.529,7.0,13.0,0.538,2.0,2.0,1.0,0.0,12.0,12.0,2.0,1.0,1.0,0.0,4.0,27.0,13.0,1,1,202310250BRK
Donovan Mitchell,35.0,11.0,21.0,0.524,4.0,10.0,0.4,1.0,1.0,1.0,2.0,3.0,5.0,6.0,4.0,1.0,0.0,1.0,27.0,7.0,1,1,202310250BRK
Evan Mobley,33.0,5.0,11.0,0.455,0.0,0.0,,0.0,0.0,,1.0,5.0,6.0,1.0,0.0,2.0,0.0,3.0,10.0,3.0,1,1,202310250BRK
Darius Garland,32.0,6.0,12.0,0.5,1.0,5.0,0.2,2.0,2.0,1.0,1.0,1.0,2.0,5.0,2.0,0.0,6.0,2.0,15.0,6.0,1,1,202310250BRK
Isaac Okoro,31.0,6.0,10.0,0.6,2.0,4.0,0.5,4.0,5.0,0.8,3.0,3.0,6.0,4.0,2.0,1.0,2.0,5.0,18.0,5.0,1,1,202310250BRK
Caris LeVert,31.0,4.0,17.0,0.235,3.0,8.0,0.375,0.0,0.0,,0.0,3.0,3.0,5.0,1.0,1.0,0.0,1.0,11.0,-6.0,0,1,202310250BRK
Georges Niang,19.0,0.0,3.0,0.0,0.0,3.0,0.0,0.0,0.0,,2.0,2.0,4.0,0.0,0.0,0.0,0.0,3.0,0.0,-9.0,0,1,202310250BRK
Damian Jones,11.0,2.0,2.0,1.0,0.0,0.0,,0.0,0.0,,0.0,0.0,0.0,2.0,0.0,0.0,2.0,3.0,4.0,-7.0,0,1,202310250BRK
Ty Jerome,5.0,1.0,1.0,1.0,0.0,0.0,,0.0,0.0,,0.0,0.0,0.0,0.0,0.0,0.0,0.0,1.0,2.0,-7.0,0,1,202310250BRK
Emoni Bates,,,,,,,,,,,,,,,,,,,,,0,1,202310250BRK
Sam Merrill,,,,,,,,,,,,,,,,,,,,,0,1,202310250BRK
Isaiah Mobley,,,,,,,,,,,,,,,,,,,,,0,1,202310250BRK
Tristan Thompson,,,,,,,,,,,,,,,,,,,,,0,1,202310250BRK
Mikal Bridges,35.0,6.0,12.0,0.5,0.0,2.0,0.0,8.0,9.0,0.889,2.0,4.0,6.0,4.0,3.0,0.0,3.0,4.0,20.0,-3.0,1,0,202310250BRK
Nic Claxton,28.0,3.0,10.0,0.3,0.0,0.0,,1.0,1.0,1.0,4.0,3.0,7.0,4.0,0.0,3.0,0.0,1.0,7.0,-12.0,1,0,202310250BRK
Cameron Johnson,26.0,5.0,10.0,0.5,1.0,4.0,0.25,1.0,2.0,0.5,2.0,3.0,5.0,3.0,2.0,0.0,2.0,1.0,12.0,-1.0,1,0,202310250BRK
Spencer Dinwiddie,23.0,1.0,3.0,0.333,1.0,3.0,0.333,2.0,2.0,1.0,0.0,1.0,1.0,3.0,0.0,0.0,1.0,2.0,5.0,-10.0,1,0,202310250BRK
Ben Simmons,22.0,2.0,6.0,0.333,0.0,0.0,,0.0,0.0,,1.0,9.0,10.0,9.0,0.0,1.0,2.0,2.0,4.0,-6.0,1,0,202310250BRK
Dorian Finney-Smith,27.0,4.0,8.0,0.5,2.0,6.0,0.333,0.0,1.0,0.0,1.0,4.0,5.0,2.0,0.0,0.0,3.0,1.0,10.0,7.0,0,0,202310250BRK
Cam Thomas,25.0,13.0,21.0,0.619,2.0,5.0,0.4,8.0,11.0,0.727,0.0,3.0,3.0,2.0,1.0,0.0,1.0,0.0,36.0,5.0,0,0,202310250BRK
Royce O'Neale,22.0,2.0,6.0,0.333,1.0,4.0,0.25,0.0,0.0,,0.0,7.0,7.0,2.0,0.0,0.0,1.0,2.0,5.0,8.0,0,0,202310250BRK
Dennis Smith Jr.,15.0,4.0,5.0,0.8,2.0,3.0,0.667,0.0,0.0,,2.0,2.0,4.0,1.0,0.0,0.0,1.0,1.0,10.0,5.0,0,0,202310250BRK
Day'Ron Sharpe,11.0,2.0,3.0,0.667,0.0,0.0,,0.0,0.0,,1.0,1.0,2.0,0.0,0.0,2.0,3.0,2.0,4.0,2.0,0,0,202310250BRK
Noah Clowney,,,,,,,,,,,,,,,,,,,,,0,0,202310250BRK
Harry Giles,,,,,,,,,,,,,,,,,,,,,0,0,202310250BRK
Lonnie Walker IV,,,,,,,,,,,,,,,,,,,,,0,0,202310250BRK
Trendon Watford,,,,,,,,,,,,,,,,,,,,,0,0,202310250BRK
Shai Gilgeous-Alexander,36.0,12.0,18.0,0.667,2.0,5.0,0.4,5.0,5.0,1.0,0.0,5.0,5.0,10.0,1.0,2.0,1.0,0.0,31.0,19.0,1,1,202310250CHI
Luguentz Dort,32.0,3.0,8.0,0.375,2.0,5.0,0.4,0.0,0.0,,0.0,7.0,7.0,2.0,2.0,1.0,2.0,1.0,8.0,13.0,1,1,202310250CHI
Jalen Williams,31.0,5.0,11.0,0.455,2.0,6.0,0.333,4.0,4.0,1.0,0.0,3.0,3.0,5.0,1.0,0.0,2.0,3.0,16.0,8.0,1,1,202310250CHI
Josh Giddey,31.0,7.0,14.0,0.5,2.0,3.0,0.667,0.0,0.0,,1.0,5.0,6.0,6.0,0.0,0.0,3.0,1.0,16.0,19.0,1,1,202310250CHI
Chet Holmgren,25.0,4.0,7.0,0.571,2.0,3.0,0.667,1.0,3.0,0.333,0.0,4.0,4.0,3.0,1.0,0.0,1.0,3.0,11.0,14.0,1,1,202310250CHI
Isaiah Joe,21.0,4.0,8.0,0.5,3.0,6.0,0.5,3.0,4.0,0.75,1.0,4.0,5.0,2.0,1.0,0.0,2.0,2.0,14.0,14.0,0,1,202310250CHI
Cason Wallace,19.0,5.0,5.0,1.0,3.0,3.0,1.0,0.0,0.0,,0.0,2.0,2.0,1.0,0.0,1.0,1.0,3.0,13.0,9.0,0,1,202310250CHI
Ousmane Dieng,14.0,3.0,5.0,0.6,3.0,5.0,0.6,0.0,0.0,,1.0,1.0,2.0,0.0,0.0,0.0,1.0,1.0,9.0,2.0,0,1,202310250CHI
Aaron Wiggins,10.0,1.0,3.0,0.333,0.0,1.0,0.0,0.0,0.0,,1.0,2.0,3.0,0.0,0.0,0.0,1.0,2.0,2.0,-4.0,0,1,202310250CHI
Olivier Sarr,10.0,1.0,1.0,1.0,0.0,0.0,,2.0,2.0,1.0,1.0,3.0,4.0,0.0,0.0,0.0,1.0,3.0,4.0,6.0,0,1,202310250CHI
Lindy Waters III,2.0,0.0,1.0,0.0,0.0,1.0,0.0,0.0,0.0,,0.0,0.0,0.0,0.0,0.0,0.0,0.0,0.0,0.0,0.0,0,1,202310250CHI
Tre Mann,1.0,0.0,0.0,,0.0,0.0,,0.0,0.0,,0.0,0.0,0.0,1.0,0.0,0.0,0.0,0.0,0.0,0.0,0,1,202310250CHI
Aleksej Pokusevski,1.0,0.0,1.0,0.0,0.0,1.0,0.0,0.0,0.0,,0.0,2.0,2.0,0.0,0.0,0.0,0.0,0.0,0.0,0.0,0,1,202310250CHI
Dāvis Bertāns,,,,,,,,,,,,,,,,,,,,,0,1,202310250CHI
Vasilije Micić,,,,,,,,,,,,,,,,,,,,,0,1,202310250CHI
DeMar DeRozan,32.0,9.0,20.0,0.45,1.0,3.0,0.333,1.0,3.0,0.333,2.0,3.0,5.0,2.0,1.0,1.0,0.0,1.0,20.0,-29.0,1,0,202310250CHI
Nikola Vučević,31.0,5.0,8.0,0.625,0.0,2.0,0.0,1.0,1.0,1.0,1.0,8.0,9.0,4.0,3.0,2.0,4.0,2.0,11.0,-19.0,1,0,202310250CHI
Coby White,30.0,4.0,14.0,0.286,2.0,7.0,0.286,5.0,6.0,0.833,1.0,3.0,4.0,4.0,0.0,0.0,0.0,3.0,15.0,-8.0,1,0,202310250CHI
Patrick Williams,30.0,4.0,10.0,0.4,0.0,4.0,0.0,0.0,0.0,,2.0,1.0,3.0,4.0,2.0,0.0,0.0,3.0,8.0,-3.0,1,0,202310250CHI
Zach LaVine,24.0,4.0,16.0,0.25,2.0,9.0,0.222,6.0,6.0,1.0,0.0,4.0,4.0,3.0,0.0,0.0,4.0,3.0,16.0,1.0,1,0,202310250CHI
Torrey Craig,21.0,4.0,6.0,0.667,3.0,4.0,0.75,0.0,0.0,,4.0,3.0,7.0,1.0,0.0,0.0,1.0,2.0,11.0,-12.0,0,0,202310250CHI
Alex Caruso,19.0,2.0,5.0,0.4,1.0,4.0,0.25,1.0,2.0,0.5,0.0,2.0,2.0,3.0,2.0,0.0,1.0,1.0,6.0,-19.0,0,0,202310250CHI
Andre Drummond,15.0,3.0,4.0,0.75,0.0,0.0,,0.0,0.0,,3.0,2.0,5.0,1.0,1.0,0.0,1.0,1.0,6.0,-1.0,0,0,202310250CHI
Jevon Carter,15.0,1.0,4.0,0.25,1.0,4.0,0.25,0.0,0.0,,0.0,1.0,1.0,2.0,0.0,0.0,0.0,0.0,3.0,-15.0,0,0,202310250CHI
Ayo Dosunmu,9.0,3.0,5.0,0.6,2.0,4.0,0.5,0.0,0.0,,0.0,0.0,0.0,1.0,1.0,0.0,1.0,0.0,8.0,3.0,0,0,202310250CHI
Julian Phillips,3.0,0.0,0.0,,0.0,0.0,,0.0,0.0,,0.0,0.0,0.0,0.0,0.0,0.0,0.0,0.0,0.0,1.0,0,0,202310250CHI
Dalen Terry,3.0,0.0,2.0,0.0,0.0,1.0,0.0,0.0,0.0,,0.0,2.0,2.0,1.0,0.0,0.0,0.0,0.0,0.0,1.0,0,0,202310250CHI
Terry Taylor,,,,,,,,,,,,,,,,,,,,,0,0,202310250CHI
Trae Young,36.0,4.0,19.0,0.211,1.0,9.0,0.111,14.0,15.0,0.933,0.0,1.0,1.0,9.0,1.0,0.0,5.0,3.0,23.0,-11.0,1,0,202310250CHO
Dejounte Murray,32.0,3.0,14.0,0.214,0.0,3.0,0.0,5.0,6.0,0.833,0.0,2.0,2.0,6.0,0.0,0.0,1.0,0.0,11.0,-15.0,1,0,202310250CHO
De'Andre Hunter,30.0,4.0,9.0,0.444,1.0,4.0,0.25,0.0,1.0,0.0,2.0,2.0,4.0,1.0,0.0,0.0,0.0,6.0,9.0,-13.0,1,0,202310250CHO
Saddiq Bey,28.0,6.0,12.0,0.5,1.0,4.0,0.25,2.0,2.0,1.0,3.0,2.0,5.0,0.0,5.0,0.0,2.0,1.0,15.0,-2.0,1,0,202310250CHO
Clint Capela,28.0,6.0,10.0,0.6,0.0,0.0,,3.0,4.0,0.75,6.0,7.0,13.0,0.0,1.0,0.0,2.0,1.0,15.0,-19.0,1,0,202310250CHO
Jalen Johnson,29.0,9.0,13.0,0.692,1.0,3.0,0.333,2.0,4.0,0.5,0.0,7.0,7.0,2.0,2.0,1.0,0.0,1.0,21.0,8.0,0,0,202310250CHO
Bogdan Bogdanović,24.0,3.0,9.0,0.333,1.0,5.0,0.2,0.0,0.0,,0.0,4.0,4.0,4.0,3.0,0.0,0.0,1.0,7.0,6.0,0,0,202310250CHO
Onyeka Okongwu,19.0,3.0,5.0,0.6,0.0,0.0,,1.0,1.0,1.0,1.0,3.0,4.0,2.0,0.0,0.0,1.0,5.0,7.0,14.0,0,0,202310250CHO
AJ Griffin,9.0,1.0,2.0,0.5,0.0,1.0,0.0,0.0,0.0,,0.0,2.0,2.0,0.0,0.0,0.0,1.0,1.0,2.0,2.0,0,0,202310250CHO
Kobe Bufkin,,,,,,,,,,,,,,,,,,,,,0,0,202310250CHO
Bruno Fernando,,,,,,,,,,,,,,,,,,,,,0,0,202310250CHO
Trent Forrest,,,,,,,,,,,,,,,,,,,,,0,0,202310250CHO
Mouhamed Gueye,,,,,,,,,,,,,,,,,,,,,0,0,202310250CHO
Garrison Mathews,,,,,,,,,,,,,,,,,,,,,0,0,202310250CHO
Patty Mills,,,,,,,,,,,,,,,,,,,,,0,0,202310250CHO
Terry Rozier,34.0,7.0,16.0,0.438,2.0,7.0,0.286,8.0,12.0,0.667,1.0,4.0,5.0,6.0,0.0,0.0,3.0,2.0,24.0,14.0,1,1,202310250CHO
Gordon Hayward,33.0,4.0,8.0,0.5,0.0,1.0,0.0,2.0,3.0,0.667,3.0,5.0,8.0,7.0,1.0,1.0,6.0,1.0,10.0,15.0,1,1,202310250CHO
P.J. Washington,31.0,12.0,18.0,0.667,1.0,6.0,0.167,0.0,0.0,,1.0,4.0,5.0,2.0,0.0,0.0,1.0,4.0,25.0,5.0,1,1,202310250CHO
LaMelo Ball,30.0,4.0,15.0,0.267,4.0,11.0,0.364,3.0,4.0,0.75,1.0,5.0,6.0,10.0,1.0,0.0,3.0,3.0,15.0,7.0,1,1,202310250CHO
Mark Williams,29.0,5.0,6.0,0.833,0.0,0.0,,3.0,3.0,1.0,4.0,11.0,15.0,1.0,3.0,1.0,2.0,2.0,13.0,19.0,1,1,202310250CHO
Brandon Miller,24.0,5.0,9.0,0.556,3.0,7.0,0.429,0.0,0.0,,0.0,3.0,3.0,2.0,0.0,0.0,1.0,3.0,13.0,-13.0,0,1,202310250CHO
JT Thor,20.0,2.0,7.0,0.286,1.0,3.0,0.333,0.0,0.0,,1.0,1.0,2.0,1.0,0.0,0.0,0.0,0.0,5.0,2.0,0,1,202310250CHO
Nick Richards,18.0,2.0,2.0,1.0,0.0,0.0,,3.0,4.0,0.75,1.0,3.0,4.0,1.0,0.0,1.0,2.0,3.0,7.0,-14.0,0,1,202310250CHO
Théo Maledon,16.0,2.0,5.0,0.4,0.0,2.0,0.0,0.0,0.0,,0.0,3.0,3.0,4.0,0.0,0.0,1.0,3.0,4.0,-5.0,0,1,202310250CHO
Nick Smith Jr.,0.0,0.0,0.0,,0.0,0.0,,0.0,0.0,,0.0,0.0,0.0,0.0,0.0,0.0,0.0,0.0,0.0,0.0,0,1,202310250CHO
Amari Bailey,,,,,,,,,,,,,,,,,,,,,0,1,202310250CHO
Leaky Black,,,,,,,,,,,,,,,,,,,,,0,1,202310250CHO
Tyus Jones,28.0,7.0,12.0,0.583,2.0,4.0,0.5,0.0,1.0,0.0,1.0,2.0,3.0,6.0,1.0,1.0,2.0,1.0,16.0,-17.0,1,0,202310250IND
Jordan Poole,26.0,7.0,18.0,0.389,0.0,6.0,0.0,4.0,5.0,0.8,0.0,2.0,2.0,5.0,1.0,1.0,4.0,1.0,18.0,-12.0,1,0,202310250IND
Kyle Kuzma,24.0,9.0,18.0,0.5,1.0,4.0,0.25,6.0,6.0,1.0,1.0,1.0,2.0,0.0,0.0,2.0,0.0,0.0,25.0,-10.0,1,0,202310250IND
Daniel Gafford,21.0,2.0,2.0,1.0,0.0,0.0,,2.0,4.0,0.5,1.0,4.0,5.0,0.0,0.0,2.0,0.0,5.0,6.0,-23.0,1,0,202310250IND
Deni Avdija,20.0,4.0,8.0,0.5,0.0,0.0,,1.0,2.0,0.5,2.0,5.0,7.0,5.0,1.0,0.0,2.0,0.0,9.0,-15.0,1,0,202310250IND
Delon Wright,25.0,3.0,8.0,0.375,1.0,1.0,1.0,1.0,1.0,1.0,1.0,5.0,6.0,6.0,3.0,0.0,0.0,1.0,8.0,-15.0,0,0,202310250IND
Corey Kispert,24.0,4.0,11.0,0.364,1.0,5.0,0.2,2.0,2.0,1.0,2.0,3.0,5.0,1.0,0.0,0.0,1.0,1.0,11.0,-8.0,0,0,202310250IND
Bilal Coulibaly,23.0,1.0,3.0,0.333,1.0,1.0,1.0,0.0,0.0,,0.0,4.0,4.0,3.0,0.0,3.0,3.0,1.0,3.0,-13.0,0,0,202310250IND
Danilo Gallinari,17.0,4.0,7.0,0.571,2.0,2.0,1.0,6.0,6.0,1.0,2.0,1.0,3.0,0.0,0.0,0.0,0.0,1.0,16.0,5.0,0,0,202310250IND
Mike Muscala,8.0,0.0,0.0,,0.0,0.0,,0.0,0.0,,0.0,3.0,3.0,0.0,0.0,0.0,0.0,0.0,0.0,-8.0,0,0,202310250IND
Eugene Omoruyi,7.0,2.0,3.0,0.667,0.0,0.0,,0.0,0.0,,1.0,1.0,2.0,1.0,0.0,0.0,1.0,0.0,4.0,-2.0,0,0,202310250IND
Ryan Rollins,6.0,0.0,3.0,0.0,0.0,0.0,,1.0,2.0,0.5,0.0,3.0,3.0,1.0,0.0,0.0,1.0,0.0,1.0,-1.0,0,0,202310250IND
Jared Butler,3.0,1.0,2.0,0.5,1.0,1.0,1.0,0.0,0.0,,0.0,0.0,0.0,0.0,0.0,0.0,0.0,0.0,3.0,2.0,0,0,202310250IND
Patrick Baldwin Jr.,3.0,0.0,1.0,0.0,0.0,0.0,,0.0,0.0,,0.0,0.0,0.0,0.0,0.0,0.0,0.0,0.0,0.0,2.0,0,0,202310250IND
John Butler,,,,,,,,,,,,,,,,,,,,,0,0,202310250IND
Bruce Brown,27.0,8.0,11.0,0.727,6.0,8.0,0.75,2.0,2.0,1.0,1.0,2.0,3.0,1.0,1.0,0.0,1.0,3.0,24.0,15.0,1,1,202310250IND
Tyrese Haliburton,26.0,9.0,16.0,0.563,2.0,6.0,0.333,0.0,0.0,,0.0,3.0,3.0,11.0,1.0,2.0,3.0,1.0,20.0,6.0,1,1,202310250IND
Bennedict Mathurin,25.0,6.0,15.0,0.4,2.0,6.0,0.333,4.0,4.0,1.0,0.0,4.0,4.0,5.0,2.0,0.0,2.0,1.0,18.0,14.0,1,1,202310250IND
Myles Turner,23.0,5.0,8.0,0.625,0.0,2.0,0.0,1.0,2.0,0.5,0.0,8.0,8.0,1.0,0.0,3.0,2.0,4.0,11.0,14.0,1,1,202310250IND
Obi Toppin,19.0,4.0,9.0,0.444,2.0,5.0,0.4,1.0,1.0,1.0,1.0,3.0,4.0,1.0,1.0,0.0,0.0,0.0,11.0,7.0,1,1,202310250IND
Buddy Hield,25.0,5.0,9.0,0.556,4.0,7.0,0.571,0.0,0.0,,0.0,2.0,2.0,5.0,1.0,1.0,1.0,0.0,14.0,15.0,0,1,202310250IND
Aaron Nesmith,23.0,2.0,5.0,0.4,1.0,3.0,0.333,2.0,2.0,1.0,1.0,4.0,5.0,1.0,0.0,1.0,1.0,3.0,7.0,13.0,0,1,202310250IND
Andrew Nembhard,21.0,6.0,9.0,0.667,0.0,1.0,0.0,0.0,0.0,,1.0,3.0,4.0,10.0,0.0,0.0,2.0,4.0,12.0,12.0,0,1,202310250IND
Jalen Smith,13.0,5.0,6.0,0.833,2.0,2.0,1.0,1.0,1.0,1.0,3.0,5.0,8.0,0.0,1.0,0.0,0.0,4.0,13.0,6.0,0,1,202310250IND
Isaiah Jackson,11.0,2.0,4.0,0.5,0.0,0.0,,0.0,0.0,,1.0,3.0,4.0,0.0,0.0,0.0,0.0,2.0,4.0,3.0,0,1,202310250IND
T.J. McConnell,6.0,2.0,2.0,1.0,0.0,0.0,,0.0,0.0,,0.0,1.0,1.0,2.0,2.0,0.0,0.0,0.0,4.0,1.0,0,1,202310250IND
Jordan Nwora,5.0,2.0,7.0,0.286,1.0,2.0,0.5,0.0,0.0,,1.0,0.0,1.0,1.0,0.0,1.0,0.0,0.0,5.0,3.0,0,1,202310250IND
Ben Sheppard,5.0,0.0,1.0,0.0,0.0,0.0,,0.0,0.0,,0.0,0.0,0.0,0.0,0.0,0.0,0.0,0.0,0.0,3.0,0,1,202310250IND
Jarace Walker,5.0,0.0,5.0,0.0,0.0,1.0,0.0,0.0,0.0,,1.0,3.0,4.0,0.0,1.0,0.0,0.0,1.0,0.0,3.0,0,1,202310250IND
Daniel Theis,,,,,,,,,,,,,,,,,,,,,0,1,202310250IND
Scoot Henderson,35.0,5.0,11.0,0.455,0.0,3.0,0.0,1.0,1.0,1.0,1.0,2.0,3.0,4.0,0.0,0.0,4.0,2.0,11.0,-16.0,1,0,202310250LAC
Jerami Grant,29.0,5.0,12.0,0.417,0.0,4.0,0.0,3.0,4.0,0.75,2.0,1.0,3.0,1.0,0.0,1.0,3.0,1.0,13.0,-22.0,1,0,202310250LAC
Anfernee Simons,27.0,6.0,14.0,0.429,2.0,6.0,0.333,4.0,4.0,1.0,1.0,1.0,2.0,4.0,2.0,0.0,0.0,2.0,18.0,-27.0,1,0,202310250LAC
Deandre Ayton,23.0,2.0,4.0,0.5,0.0,0.0,,0.0,0.0,,3.0,9.0,12.0,1.0,3.0,1.0,3.0,5.0,4.0,-5.0,1,0,202310250LAC
Matisse Thybulle,20.0,3.0,7.0,0.429,2.0,6.0,0.333,0.0,0.0,,1.0,0.0,1.0,1.0,1.0,0.0,2.0,0.0,8.0,-12.0,1,0,202310250LAC
Shaedon Sharpe,28.0,6.0,14.0,0.429,1.0,6.0,0.167,1.0,1.0,1.0,4.0,2.0,6.0,3.0,1.0,0.0,0.0,4.0,14.0,10.0,0,0,202310250LAC
Robert Williams,23.0,5.0,7.0,0.714,0.0,0.0,,0.0,1.0,0.0,2.0,5.0,7.0,0.0,3.0,1.0,2.0,4.0,10.0,-23.0,0,0,202310250LAC
Malcolm Brogdon,22.0,8.0,16.0,0.5,3.0,5.0,0.6,1.0,1.0,1.0,0.0,2.0,2.0,5.0,0.0,0.0,1.0,0.0,20.0,-5.0,0,0,202310250LAC
Toumani Camara,15.0,2.0,5.0,0.4,2.0,2.0,1.0,1.0,2.0,0.5,0.0,2.0,2.0,1.0,0.0,1.0,0.0,2.0,7.0,13.0,0,0,202310250LAC
Jabari Walker,6.0,2.0,3.0,0.667,0.0,0.0,,2.0,3.0,0.667,1.0,0.0,1.0,0.0,0.0,0.0,2.0,0.0,6.0,12.0,0,0,202310250LAC
Kris Murray,5.0,0.0,0.0,,0.0,0.0,,0.0,0.0,,0.0,1.0,1.0,0.0,0.0,0.0,0.0,0.0,0.0,12.0,0,0,202310250LAC
Rayan Rupert,1.0,0.0,0.0,,0.0,0.0,,0.0,0.0,,0.0,0.0,0.0,0.0,0.0,0.0,0.0,0.0,0.0,3.0,0,0,202310250LAC
Moses Brown,,,,,,,,,,,,,,,,,,,,,0,0,202310250LAC
Paul George,31.0,11.0,17.0,0.647,4.0,7.0,0.571,1.0,1.0,1.0,0.0,3.0,3.0,6.0,3.0,0.0,4.0,2.0,27.0,23.0,1,1,202310250LAC
Russell Westbrook,28.0,5.0,8.0,0.625,1.0,2.0,0.5,0.0,0.0,,2.0,3.0,5.0,13.0,0.0,0.0,3.0,3.0,11.0,30.0,1,1,202310250LAC
Kawhi Leonard,28.0,9.0,17.0,0.529,5.0,5.0,1.0,0.0,0.0,,1.0,4.0,5.0,6.0,1.0,1.0,4.0,2.0,23.0,25.0,1,1,202310250LAC
Ivica Zubac,25.0,8.0,10.0,0.8,0.0,0.0,,4.0,5.0,0.8,5.0,7.0,12.0,0.0,0.0,4.0,2.0,3.0,20.0,25.0,1,1,202310250LAC
Robert Covington,23.0,2.0,5.0,0.4,1.0,4.0,0.25,0.0,0.0,,1.0,3.0,4.0,2.0,3.0,1.0,0.0,2.0,5.0,26.0,1,1,202310250LAC
Norman Powell,22.0,2.0,6.0,0.333,2.0,5.0,0.4,2.0,2.0,1.0,0.0,3.0,3.0,1.0,0.0,0.0,2.0,0.0,8.0,-4.0,0,1,202310250LAC
Bones Hyland,21.0,6.0,11.0,0.545,3.0,8.0,0.375,2.0,2.0,1.0,0.0,0.0,0.0,3.0,0.0,0.0,2.0,4.0,17.0,-4.0,0,1,202310250LAC
Mason Plumlee,17.0,2.0,4.0,0.5,0.0,0.0,,2.0,4.0,0.5,3.0,5.0,8.0,2.0,0.0,0.0,0.0,0.0,6.0,-6.0,0,1,202310250LAC
Kenyon Martin Jr.,13.0,0.0,4.0,0.0,0.0,2.0,0.0,0.0,0.0,,1.0,0.0,1.0,1.0,1.0,0.0,0.0,2.0,0.0,-17.0,0,1,202310250LAC
Nicolas Batum,9.0,0.0,0.0,,0.0,0.0,,0.0,0.0,,0.0,3.0,3.0,1.0,1.0,1.0,0.0,0.0,0.0,-2.0,0,1,202310250LAC
Kobe Brown,5.0,0.0,2.0,0.0,0.0,1.0,0.0,0.0,0.0,,0.0,0.0,0.0,0.0,0.0,0.0,0.0,1.0,0.0,-12.0,0,1,202310250LAC
Moussa Diabaté,4.0,1.0,3.0,0.333,0.0,0.0,,0.0,0.0,,1.0,0.0,1.0,0.0,2.0,0.0,0.0,0.0,2.0,-10.0,0,1,202310250LAC
Amir Coffey,3.0,0.0,1.0,0.0,0.0,0.0,,2.0,2.0,1.0,0.0,0.0,0.0,1.0,0.0,0.0,0.0,0.0,2.0,-7.0,0,1,202310250LAC
Jordan Miller,3.0,1.0,2.0,0.5,0.0,0.0,,0.0,0.0,,0.0,0.0,0.0,0.0,0.0,0.0,0.0,1.0,2.0,-7.0,0,1,202310250LAC
Herbert Jones,38.0,4.0,8.0,0.5,2.0,3.0,0.667,3.0,5.0,0.6,3.0,5.0,8.0,3.0,1.0,1.0,3.0,3.0,13.0,2.0,1,1,202310250MEM
CJ McCollum,37.0,8.0,16.0,0.5,6.0,11.0,0.545,2.0,2.0,1.0,1.0,3.0,4.0,6.0,2.0,1.0,2.0,3.0,24.0,-1.0,1,1,202310250MEM
Brandon Ingram,35.0,7.0,18.0,0.389,0.0,3.0,0.0,5.0,6.0,0.833,0.0,7.0,7.0,6.0,2.0,0.0,5.0,3.0,19.0,-2.0,1,1,202310250MEM
Zion Williamson,31.0,9.0,17.0,0.529,0.0,0.0,,5.0,7.0,0.714,4.0,3.0,7.0,3.0,0.0,0.0,3.0,1.0,23.0,-8.0,1,1,202310250MEM
Jonas Valančiūnas,29.0,4.0,7.0,0.571,2.0,4.0,0.5,2.0,2.0,1.0,0.0,12.0,12.0,1.0,0.0,1.0,3.0,1.0,12.0,16.0,1,1,202310250MEM
Dyson Daniels,18.0,3.0,6.0,0.5,0.0,1.0,0.0,0.0,0.0,,2.0,3.0,5.0,0.0,2.0,1.0,2.0,4.0,6.0,-2.0,0,1,202310250MEM
Larry Nance Jr.,14.0,1.0,2.0,0.5,0.0,0.0,,0.0,0.0,,1.0,7.0,8.0,0.0,1.0,0.0,2.0,1.0,2.0,-4.0,0,1,202310250MEM
Matt Ryan,13.0,3.0,6.0,0.5,3.0,6.0,0.5,0.0,0.0,,0.0,1.0,1.0,1.0,0.0,0.0,0.0,2.0,9.0,20.0,0,1,202310250MEM
Kira Lewis Jr.,10.0,0.0,3.0,0.0,0.0,2.0,0.0,0.0,0.0,,0.0,0.0,0.0,0.0,0.0,1.0,1.0,1.0,0.0,0.0,0,1,202310250MEM
Jordan Hawkins,9.0,1.0,2.0,0.5,1.0,2.0,0.5,0.0,0.0,,0.0,0.0,0.0,2.0,0.0,0.0,0.0,2.0,3.0,14.0,0,1,202310250MEM
Kaiser Gates,,,,,,,,,,,,,,,,,,,,,0,1,202310250MEM
E.J. Liddell,,,,,,,,,,,,,,,,,,,,,0,1,202310250MEM
Cody Zeller,,,,,,,,,,,,,,,,,,,,,0,1,202310250MEM
Desmond Bane,36.0,11.0,22.0,0.5,5.0,10.0,0.5,4.0,5.0,0.8,0.0,5.0,5.0,5.0,2.0,1.0,2.0,1.0,31.0,6.0,1,0,202310250MEM
Jaren Jackson Jr.,35.0,2.0,9.0,0.222,0.0,5.0,0.0,4.0,4.0,1.0,1.0,4.0,5.0,3.0,0.0,5.0,3.0,5.0,8.0,-1.0,1,0,202310250MEM
Xavier Tillman Sr.,33.0,7.0,16.0,0.438,1.0,5.0,0.2,2.0,2.0,1.0,4.0,8.0,12.0,4.0,3.0,1.0,0.0,2.0,17.0,3.0,1,0,202310250MEM
Marcus Smart,32.0,6.0,11.0,0.545,2.0,6.0,0.333,3.0,6.0,0.5,0.0,0.0,0.0,3.0,2.0,0.0,5.0,3.0,17.0,3.0,1,0,202310250MEM
Ziaire Williams,29.0,4.0,7.0,0.571,1.0,3.0,0.333,0.0,0.0,,0.0,4.0,4.0,0.0,0.0,0.0,1.0,2.0,9.0,-8.0,1,0,202310250MEM
David Roddy,27.0,4.0,7.0,0.571,1.0,3.0,0.333,0.0,0.0,,1.0,4.0,5.0,2.0,0.0,0.0,1.0,2.0,9.0,-3.0,0,0,202310250MEM
Derrick Rose,15.0,3.0,11.0,0.273,2.0,4.0,0.5,0.0,0.0,,1.0,1.0,2.0,3.0,0.0,0.0,0.0,0.0,8.0,-10.0,0,0,202310250MEM
Luke Kennard,14.0,0.0,5.0,0.0,0.0,5.0,0.0,3.0,3.0,1.0,1.0,1.0,2.0,2.0,0.0,0.0,1.0,0.0,3.0,-14.0,0,0,202310250MEM
Jake LaRavia,14.0,1.0,3.0,0.333,0.0,2.0,0.0,0.0,0.0,,0.0,2.0,2.0,1.0,1.0,0.0,0.0,4.0,2.0,-11.0,0,0,202310250MEM
Jacob Gilyard,,,,,,,,,,,,,,,,,,,,,0,0,202310250MEM
Gregory Jackson II,,,,,,,,,,,,,,,,,,,,,0,0,202310250MEM
John Konchar,,,,,,,,,,,,,,,,,,,,,0,0,202310250MEM
Kenneth Lofton Jr.,,,,,,,,,,,,,,,,,,,,,0,0,202310250MEM
Ja Morant,,,,,,,,,,,,,,,,,,,,,0,0,202310250MEM
Vince Williams Jr.,,,,,,,,,,,,,,,,,,,,,0,0,202310250MEM
Cade Cunningham,35.0,13.0,27.0,0.481,4.0,9.0,0.444,0.0,0.0,,0.0,3.0,3.0,9.0,1.0,1.0,3.0,5.0,30.0,-2.0,1,0,202310250MIA
Isaiah Stewart,34.0,6.0,11.0,0.545,2.0,3.0,0.667,0.0,0.0,,6.0,8.0,14.0,2.0,0.0,0.0,1.0,3.0,14.0,7.0,1,0,202310250MIA
Jalen Duren,31.0,8.0,11.0,0.727,0.0,0.0,,1.0,3.0,0.333,6.0,8.0,14.0,4.0,0.0,4.0,4.0,4.0,17.0,-4.0,1,0,202310250MIA
Killian Hayes,30.0,4.0,12.0,0.333,0.0,6.0,0.0,2.0,3.0,0.667,0.0,1.0,1.0,3.0,2.0,1.0,1.0,2.0,10.0,1.0,1,0,202310250MIA
Ausar Thompson,26.0,1.0,7.0,0.143,1.0,2.0,0.5,1.0,2.0,0.5,3.0,4.0,7.0,3.0,0.0,5.0,2.0,2.0,4.0,-14.0,1,0,202310250MIA
Alec Burks,24.0,2.0,8.0,0.25,2.0,5.0,0.4,1.0,2.0,0.5,0.0,5.0,5.0,0.0,0.0,1.0,0.0,1.0,7.0,9.0,0,0,202310250MIA
Jaden Ivey,17.0,1.0,7.0,0.143,0.0,2.0,0.0,2.0,3.0,0.667,0.0,2.0,2.0,3.0,0.0,0.0,3.0,3.0,4.0,-2.0,0,0,202310250MIA
Marvin Bagley III,16.0,3.0,3.0,1.0,0.0,0.0,,2.0,2.0,1.0,2.0,6.0,8.0,3.0,0.0,1.0,1.0,1.0,8.0,3.0,0,0,202310250MIA
Joe Harris,11.0,0.0,2.0,0.0,0.0,2.0,0.0,0.0,0.0,,0.0,0.0,0.0,0.0,0.0,0.0,0.0,2.0,0.0,-5.0,0,0,202310250MIA
Marcus Sasser,10.0,3.0,4.0,0.75,2.0,3.0,0.667,0.0,0.0,,0.0,2.0,2.0,1.0,0.0,0.0,1.0,0.0,8.0,2.0,0,0,202310250MIA
Malcolm Cazalon,,,,,,,,,,,,,,,,,,,,,0,0,202310250MIA
Jared Rhoden,,,,,,,,,,,,,,,,,,,,,0,0,202310250MIA
Stanley Umude,,,,,,,,,,,,,,,,,,,,,0,0,202310250MIA
James Wiseman,,,,,,,,,,,,,,,,,,,,,0,0,202310250MIA
Tyler Herro,34.0,7.0,24.0,0.292,2.0,7.0,0.286,0.0,0.0,,0.0,2.0,2.0,3.0,3.0,0.0,2.0,1.0,16.0,6.0,1,1,202310250MIA
Jimmy Butler,34.0,6.0,18.0,0.333,0.0,0.0,,7.0,9.0,0.778,8.0,5.0,13.0,4.0,2.0,0.0,0.0,0.0,19.0,-3.0,1,1,202310250MIA
Bam Adebayo,32.0,7.0,13.0,0.538,0.0,0.0,,8.0,10.0,0.8,2.0,6.0,8.0,3.0,0.0,2.0,2.0,3.0,22.0,-4.0,1,1,202310250MIA
Kyle Lowry,31.0,0.0,1.0,0.0,0.0,0.0,,0.0,0.0,,0.0,2.0,2.0,2.0,2.0,1.0,0.0,4.0,0.0,4.0,1,1,202310250MIA
Kevin Love,27.0,4.0,9.0,0.444,3.0,6.0,0.5,2.0,2.0,1.0,2.0,8.0,10.0,2.0,0.0,0.0,1.0,5.0,13.0,5.0,1,1,202310250MIA
Duncan Robinson,22.0,6.0,10.0,0.6,3.0,5.0,0.6,0.0,0.0,,1.0,1.0,2.0,1.0,0.0,0.0,0.0,1.0,15.0,-3.0,0,1,202310250MIA
Caleb Martin,19.0,1.0,7.0,0.143,0.0,3.0,0.0,0.0,0.0,,1.0,2.0,3.0,1.0,1.0,0.0,0.0,1.0,2.0,-5.0,0,1,202310250MIA
Thomas Bryant,15.0,2.0,5.0,0.4,0.0,0.0,,4.0,5.0,0.8,2.0,4.0,6.0,3.0,1.0,0.0,1.0,0.0,8.0,5.0,0,1,202310250MIA
Jaime Jaquez Jr.,13.0,3.0,3.0,1.0,0.0,0.0,,0.0,0.0,,0.0,2.0,2.0,2.0,2.0,0.0,1.0,2.0,6.0,4.0,0,1,202310250MIA
Dru Smith,8.0,1.0,2.0,0.5,0.0,1.0,0.0,0.0,0.0,,0.0,0.0,0.0,1.0,0.0,0.0,0.0,1.0,2.0,-4.0,0,1,202310250MIA
Jamal Cain,,,,,,,,,,,,,,,,,,,,,0,1,202310250MIA
R.J. Hampton,,,,,,,,,,,,,,,,,,,,,0,1,202310250MIA
Nikola Jović,,,,,,,,,,,,,,,,,,,,,0,1,202310250MIA
Orlando Robinson,,,,,,,,,,,,,,,,,,,,,0,1,202310250MIA
Jayson Tatum,38.0,13.0,22.0,0.591,3.0,8.0,0.375,5.0,6.0,0.833,0.0,11.0,11.0,4.0,2.0,1.0,4.0,3.0,34.0,0.0,1,1,202310250NYK
Jaylen Brown,38.0,4.0,11.0,0.364,0.0,4.0,0.0,3.0,4.0,0.75,0.0,6.0,6.0,5.0,1.0,0.0,2.0,5.0,11.0,8.0,1,1,202310250NYK
Kristaps Porziņģis,37.0,8.0,15.0,0.533,5.0,9.0,0.556,9.0,10.0,0.9,1.0,7.0,8.0,0.0,0.0,4.0,1.0,4.0,30.0,13.0,1,1,202310250NYK
Jrue Holiday,34.0,4.0,10.0,0.4,1.0,5.0,0.2,0.0,0.0,,2.0,2.0,4.0,2.0,0.0,3.0,2.0,3.0,9.0,3.0,1,1,202310250NYK
Derrick White,31.0,4.0,6.0,0.667,1.0,3.0,0.333,3.0,4.0,0.75,0.0,6.0,6.0,2.0,2.0,1.0,1.0,3.0,12.0,7.0,1,1,202310250NYK
Al Horford,25.0,3.0,4.0,0.75,2.0,3.0,0.667,0.0,0.0,,3.0,4.0,7.0,2.0,0.0,0.0,3.0,2.0,8.0,-7.0,0,1,202310250NYK
Sam Hauser,13.0,0.0,4.0,0.0,0.0,4.0,0.0,0.0,0.0,,0.0,2.0,2.0,0.0,1.0,1.0,0.0,1.0,0.0,5.0,0,1,202310250NYK
Payton Pritchard,11.0,1.0,4.0,0.25,0.0,3.0,0.0,2.0,2.0,1.0,0.0,1.0,1.0,1.0,0.0,0.0,0.0,1.0,4.0,-8.0,0,1,202310250NYK
Luke Kornet,7.0,0.0,1.0,0.0,0.0,0.0,,0.0,0.0,,1.0,0.0,1.0,2.0,0.0,1.0,0.0,0.0,0.0,-1.0,0,1,202310250NYK
Dalano Banton,,,,,,,,,,,,,,,,,,,,,0,1,202310250NYK
Oshae Brissett,,,,,,,,,,,,,,,,,,,,,0,1,202310250NYK
Svi Mykhailiuk,,,,,,,,,,,,,,,,,,,,,0,1,202310250NYK
Neemias Queta,,,,,,,,,,,,,,,,,,,,,0,1,202310250NYK
Lamar Stevens,,,,,,,,,,,,,,,,,,,,,0,1,202310250NYK
Jordan Walsh,,,,,,,,,,,,,,,,,,,,,0,1,202310250NYK
RJ Barrett,36.0,8.0,20.0,0.4,2.0,5.0,0.4,6.0,7.0,0.857,1.0,2.0,3.0,2.0,1.0,0.0,2.0,0.0,24.0,6.0,1,0,202310250NYK
Julius Randle,34.0,5.0,22.0,0.227,3.0,8.0,0.375,1.0,5.0,0.2,4.0,7.0,11.0,7.0,2.0,0.0,0.0,3.0,14.0,-13.0,1,0,202310250NYK
Jalen Brunson,32.0,6.0,21.0,0.286,3.0,8.0,0.375,0.0,1.0,0.0,1.0,2.0,3.0,6.0,3.0,0.0,2.0,3.0,15.0,-9.0,1,0,202310250NYK
Quentin Grimes,23.0,4.0,7.0,0.571,3.0,6.0,0.5,0.0,1.0,0.0,0.0,1.0,1.0,0.0,0.0,0.0,0.0,2.0,11.0,-1.0,1,0,202310250NYK
Mitchell Robinson,22.0,1.0,4.0,0.25,0.0,0.0,,0.0,2.0,0.0,3.0,3.0,6.0,1.0,2.0,0.0,1.0,4.0,2.0,1.0,1,0,202310250NYK
Immanuel Quickley,28.0,7.0,11.0,0.636,5.0,7.0,0.714,5.0,6.0,0.833,2.0,4.0,6.0,4.0,1.0,0.0,2.0,3.0,24.0,-3.0,0,0,202310250NYK
Isaiah Hartenstein,25.0,3.0,4.0,0.75,0.0,0.0,,1.0,2.0,0.5,5.0,3.0,8.0,2.0,0.0,0.0,1.0,5.0,7.0,-5.0,0,0,202310250NYK
Josh Hart,22.0,2.0,4.0,0.5,2.0,4.0,0.5,1.0,2.0,0.5,1.0,5.0,6.0,0.0,0.0,0.0,1.0,1.0,7.0,-1.0,0,0,202310250NYK
Donte DiVincenzo,15.0,0.0,4.0,0.0,0.0,3.0,0.0,0.0,0.0,,0.0,3.0,3.0,2.0,0.0,0.0,0.0,1.0,0.0,5.0,0,0,202310250NYK
Ryan Arcidiacono,,,,,,,,,,,,,,,,,,,,,0,0,202310250NYK
Evan Fournier,,,,,,,,,,,,,,,,,,,,,0,0,202310250NYK
DaQuan Jeffries,,,,,,,,,,,,,,,,,,,,,0,0,202310250NYK
Miles McBride,,,,,,,,,,,,,,,,,,,,,0,0,202310250NYK
Jericho Sims,,,,,,,,,,,,,,,,,,,,,0,0,202310250NYK
Dylan Windler,,,,,,,,,,,,,,,,,,,,,0,0,202310250NYK
Fred VanVleet,33.0,5.0,13.0,0.385,4.0,6.0,0.667,0.0,0.0,,0.0,1.0,1.0,5.0,1.0,0.0,3.0,0.0,14.0,-3.0,1,0,202310250ORL
Jalen Green,29.0,2.0,10.0,0.2,0.0,1.0,0.0,6.0,7.0,0.857,0.0,1.0,1.0,0.0,1.0,1.0,4.0,2.0,10.0,-12.0,1,0,202310250ORL
Alperen Şengün,28.0,6.0,11.0,0.545,0.0,1.0,0.0,2.0,4.0,0.5,2.0,6.0,8.0,6.0,0.0,0.0,1.0,4.0,14.0,-2.0,1,0,202310250ORL
Jabari Smith Jr.,26.0,3.0,9.0,0.333,0.0,4.0,0.0,1.0,2.0,0.5,1.0,4.0,5.0,1.0,1.0,0.0,1.0,6.0,7.0,-8.0,1,0,202310250ORL
Dillon Brooks,26.0,5.0,7.0,0.714,4.0,6.0,0.667,0.0,0.0,,0.0,4.0,4.0,2.0,1.0,0.0,2.0,4.0,14.0,-15.0,1,0,202310250ORL
Amen Thompson,21.0,3.0,10.0,0.3,1.0,7.0,0.143,1.0,2.0,0.5,1.0,4.0,5.0,2.0,0.0,0.0,4.0,2.0,8.0,-34.0,0,0,202310250ORL
Jae'Sean Tate,15.0,2.0,2.0,1.0,1.0,1.0,1.0,0.0,0.0,,0.0,2.0,2.0,0.0,1.0,1.0,0.0,1.0,5.0,-11.0,0,0,202310250ORL
Jeff Green,13.0,2.0,4.0,0.5,0.0,1.0,0.0,0.0,1.0,0.0,3.0,0.0,3.0,1.0,0.0,0.0,1.0,2.0,4.0,-11.0,0,0,202310250ORL
Reggie Bullock,11.0,1.0,1.0,1.0,1.0,1.0,1.0,0.0,0.0,,0.0,1.0,1.0,0.0,1.0,1.0,0.0,1.0,3.0,-5.0,0,0,202310250ORL
Cam Whitmore,9.0,0.0,4.0,0.0,0.0,2.0,0.0,0.0,0.0,,0.0,1.0,1.0,0.0,0.0,0.0,1.0,0.0,0.0,-12.0,0,0,202310250ORL
Jock Landale,8.0,1.0,2.0,0.5,1.0,2.0,0.5,0.0,0.0,,0.0,0.0,0.0,2.0,0.0,0.0,1.0,1.0,3.0,-9.0,0,0,202310250ORL
Jermaine Samuels,6.0,0.0,0.0,,0.0,0.0,,0.0,0.0,,0.0,0.0,0.0,0.0,0.0,0.0,0.0,1.0,0.0,-10.0,0,0,202310250ORL
Jeenathan Williams,4.0,2.0,3.0,0.667,0.0,1.0,0.0,0.0,0.0,,0.0,0.0,0.0,0.0,0.0,0.0,0.0,0.0,4.0,-9.0,0,0,202310250ORL
Aaron Holiday,4.0,0.0,3.0,0.0,0.0,1.0,0.0,0.0,0.0,,0.0,0.0,0.0,0.0,0.0,0.0,0.0,0.0,0.0,-9.0,0,0,202310250ORL
Boban Marjanović,,,,,,,,,,,,,,,,,,,,,0,0,202310250ORL
Paolo Banchero,27.0,3.0,6.0,0.5,0.0,1.0,0.0,6.0,7.0,0.857,0.0,5.0,5.0,5.0,1.0,0.0,1.0,2.0,12.0,13.0,1,1,202310250ORL
Franz Wagner,27.0,5.0,12.0,0.417,3.0,7.0,0.429,6.0,6.0,1.0,3.0,1.0,4.0,2.0,1.0,0.0,3.0,1.0,19.0,10.0,1,1,202310250ORL
Wendell Carter Jr.,26.0,4.0,10.0,0.4,0.0,2.0,0.0,0.0,0.0,,4.0,4.0,8.0,1.0,2.0,0.0,2.0,3.0,8.0,8.0,1,1,202310250ORL
Markelle Fultz,24.0,5.0,9.0,0.556,0.0,0.0,,0.0,0.0,,3.0,1.0,4.0,2.0,3.0,0.0,1.0,0.0,10.0,12.0,1,1,202310250ORL
Jalen Suggs,20.0,3.0,12.0,0.25,2.0,7.0,0.286,0.0,0.0,,1.0,3.0,4.0,0.0,0.0,0.0,0.0,2.0,8.0,5.0,1,1,202310250ORL
Cole Anthony,24.0,8.0,12.0,0.667,1.0,2.0,0.5,3.0,3.0,1.0,1.0,7.0,8.0,2.0,0.0,0.0,0.0,2.0,20.0,17.0,0,1,202310250ORL
Joe Ingles,18.0,0.0,3.0,0.0,0.0,3.0,0.0,0.0,0.0,,0.0,4.0,4.0,5.0,0.0,0.0,1.0,3.0,0.0,9.0,0,1,202310250ORL
Gary Harris,16.0,5.0,8.0,0.625,1.0,4.0,0.25,0.0,0.0,,3.0,2.0,5.0,0.0,0.0,1.0,0.0,0.0,11.0,8.0,0,1,202310250ORL
Moritz Wagner,15.0,0.0,1.0,0.0,0.0,1.0,0.0,2.0,2.0,1.0,0.0,4.0,4.0,0.0,0.0,1.0,3.0,4.0,2.0,13.0,0,1,202310250ORL
Jonathan Isaac,14.0,4.0,6.0,0.667,1.0,3.0,0.333,2.0,3.0,0.667,1.0,3.0,4.0,0.0,0.0,2.0,2.0,2.0,11.0,10.0,0,1,202310250ORL
Goga Bitadze,4.0,2.0,2.0,1.0,0.0,0.0,,3.0,4.0,0.75,1.0,2.0,3.0,0.0,1.0,0.0,1.0,1.0,7.0,9.0,0,1,202310250ORL
Anthony Black,4.0,2.0,2.0,1.0,0.0,0.0,,1.0,1.0,1.0,0.0,0.0,0.0,1.0,0.0,2.0,0.0,0.0,5.0,9.0,0,1,202310250ORL
Caleb Houstan,4.0,1.0,2.0,0.5,1.0,2.0,0.5,0.0,0.0,,0.0,1.0,1.0,0.0,0.0,0.0,0.0,0.0,3.0,9.0,0,1,202310250ORL
Jett Howard,4.0,0.0,1.0,0.0,0.0,1.0,0.0,0.0,0.0,,0.0,0.0,0.0,1.0,0.0,0.0,0.0,0.0,0.0,9.0,0,1,202310250ORL
Chuma Okeke,4.0,0.0,1.0,0.0,0.0,1.0,0.0,0.0,0.0,,0.0,3.0,3.0,0.0,0.0,0.0,0.0,0.0,0.0,9.0,0,1,202310250ORL
Kyrie Irving,36.0,10.0,24.0,0.417,1.0,8.0,0.125,1.0,1.0,1.0,0.0,2.0,2.0,6.0,1.0,0.0,2.0,3.0,22.0,1.0,1,1,202310250SAS
Grant Williams,35.0,6.0,11.0,0.545,4.0,8.0,0.5,1.0,1.0,1.0,1.0,5.0,6.0,0.0,0.0,1.0,3.0,4.0,17.0,2.0,1,1,202310250SAS
Luka Dončić,34.0,13.0,25.0,0.52,3.0,11.0,0.273,4.0,7.0,0.571,1.0,12.0,13.0,10.0,2.0,0.0,4.0,1.0,33.0,4.0,1,1,202310250SAS
Maxi Kleber,23.0,2.0,7.0,0.286,2.0,5.0,0.4,0.0,0.0,,2.0,5.0,7.0,2.0,0.0,1.0,0.0,3.0,6.0,-12.0,1,1,202310250SAS
Derrick Jones Jr.,11.0,0.0,3.0,0.0,0.0,2.0,0.0,1.0,2.0,0.5,0.0,1.0,1.0,0.0,0.0,0.0,1.0,0.0,1.0,-1.0,1,1,202310250SAS
Dereck Lively II,30.0,7.0,8.0,0.875,0.0,0.0,,2.0,3.0,0.667,5.0,5.0,10.0,1.0,1.0,1.0,1.0,4.0,16.0,20.0,0,1,202310250SAS
Josh Green,29.0,3.0,5.0,0.6,2.0,2.0,1.0,3.0,4.0,0.75,2.0,0.0,2.0,1.0,1.0,0.0,0.0,4.0,11.0,4.0,0,1,202310250SAS
Tim Hardaway Jr.,27.0,5.0,14.0,0.357,3.0,10.0,0.3,4.0,4.0,1.0,2.0,4.0,6.0,4.0,1.0,0.0,1.0,0.0,17.0,9.0,0,1,202310250SAS
Dante Exum,7.0,1.0,2.0,0.5,0.0,1.0,0.0,1.0,1.0,1.0,0.0,1.0,1.0,0.0,0.0,0.0,0.0,1.0,3.0,4.0,0,1,202310250SAS
Seth Curry,3.0,0.0,0.0,,0.0,0.0,,0.0,0.0,,0.0,0.0,0.0,0.0,0.0,0.0,0.0,0.0,0.0,4.0,0,1,202310250SAS
Jaden Hardy,,,,,,,,,,,,,,,,,,,,,0,1,202310250SAS
Richaun Holmes,,,,,,,,,,,,,,,,,,,,,0,1,202310250SAS
Markieff Morris,,,,,,,,,,,,,,,,,,,,,0,1,202310250SAS
Dwight Powell,,,,,,,,,,,,,,,,,,,,,0,1,202310250SAS
Olivier-Maxence Prosper,,,,,,,,,,,,,,,,,,,,,0,1,202310250SAS
Devin Vassell,35.0,9.0,17.0,0.529,1.0,6.0,0.167,4.0,5.0,0.8,1.0,4.0,5.0,3.0,2.0,0.0,2.0,2.0,23.0,4.0,1,0,202310250SAS
Zach Collins,31.0,6.0,10.0,0.6,0.0,4.0,0.0,2.0,2.0,1.0,1.0,4.0,5.0,3.0,1.0,2.0,3.0,4.0,14.0,-4.0,1,0,202310250SAS
Keldon Johnson,31.0,7.0,15.0,0.467,1.0,3.0,0.333,2.0,3.0,0.667,2.0,7.0,9.0,7.0,0.0,0.0,3.0,4.0,17.0,0.0,1,0,202310250SAS
Jeremy Sochan,28.0,4.0,12.0,0.333,2.0,4.0,0.5,3.0,6.0,0.5,3.0,5.0,8.0,5.0,1.0,0.0,3.0,4.0,13.0,-10.0,1,0,202310250SAS
Victor Wembanyama,23.0,6.0,9.0,0.667,3.0,5.0,0.6,0.0,1.0,0.0,0.0,5.0,5.0,2.0,2.0,1.0,5.0,5.0,15.0,0.0,1,0,202310250SAS
Tre Jones,25.0,5.0,7.0,0.714,2.0,3.0,0.667,4.0,4.0,1.0,1.0,4.0,5.0,6.0,0.0,0.0,1.0,0.0,16.0,1.0,0,0,202310250SAS
Cedi Osman,22.0,5.0,10.0,0.5,2.0,6.0,0.333,0.0,0.0,,0.0,0.0,0.0,2.0,0.0,1.0,0.0,2.0,12.0,-11.0,0,0,202310250SAS
Malaki Branham,17.0,3.0,7.0,0.429,0.0,3.0,0.0,1.0,1.0,1.0,0.0,2.0,2.0,2.0,1.0,0.0,1.0,1.0,7.0,-2.0,0,0,202310250SAS
Charles Bassey,13.0,1.0,1.0,1.0,0.0,0.0,,0.0,0.0,,1.0,4.0,5.0,2.0,1.0,0.0,1.0,0.0,2.0,-6.0,0,0,202310250SAS
Doug McDermott,10.0,0.0,1.0,0.0,0.0,1.0,0.0,0.0,0.0,,0.0,1.0,1.0,1.0,0.0,1.0,0.0,1.0,0.0,-7.0,0,0,202310250SAS
Dominick Barlow,,,,,,,,,,,,,,,,,,,,,0,0,202310250SAS
Julian Champagnie,,,,,,,,,,,,,,,,,,,,,0,0,202310250SAS
Devonte' Graham,,,,,,,,,,,,,,,,,,,,,0,0,202310250SAS
Sandro Mamukelashvili,,,,,,,,,,,,,,,,,,,,,0,0,202310250SAS
Blake Wesley,,,,,,,,,,,,,,,,,,,,,0,0,202310250SAS
Anthony Edwards,38.0,8.0,27.0,0.296,4.0,7.0,0.571,6.0,6.0,1.0,5.0,9.0,14.0,1.0,0.0,0.0,2.0,1.0,26.0,0.0,1,0,202310250TOR
Karl-Anthony Towns,35.0,8.0,25.0,0.32,2.0,10.0,0.2,1.0,1.0,1.0,2.0,8.0,10.0,3.0,0.0,4.0,4.0,2.0,19.0,-1.0,1,0,202310250TOR
Rudy Gobert,32.0,6.0,12.0,0.5,0.0,0.0,,3.0,5.0,0.6,5.0,8.0,13.0,1.0,2.0,4.0,2.0,3.0,15.0,-11.0,1,0,202310250TOR
Mike Conley,30.0,4.0,9.0,0.444,1.0,4.0,0.25,2.0,2.0,1.0,1.0,3.0,4.0,3.0,1.0,1.0,1.0,1.0,11.0,-6.0,1,0,202310250TOR
Nickeil Alexander-Walker,22.0,1.0,5.0,0.2,0.0,3.0,0.0,0.0,0.0,,0.0,4.0,4.0,2.0,1.0,0.0,1.0,3.0,2.0,-17.0,1,0,202310250TOR
Kyle Anderson,30.0,3.0,9.0,0.333,0.0,1.0,0.0,1.0,2.0,0.5,2.0,7.0,9.0,5.0,2.0,0.0,1.0,0.0,7.0,15.0,0,0,202310250TOR
Naz Reid,23.0,3.0,8.0,0.375,0.0,2.0,0.0,4.0,4.0,1.0,1.0,3.0,4.0,1.0,0.0,0.0,1.0,0.0,10.0,1.0,0,0,202310250TOR
Shake Milton,21.0,1.0,5.0,0.2,1.0,4.0,0.25,1.0,2.0,0.5,0.0,3.0,3.0,4.0,2.0,0.0,2.0,4.0,4.0,3.0,0,0,202310250TOR
Troy Brown Jr.,5.0,0.0,0.0,,0.0,0.0,,0.0,0.0,,0.0,1.0,1.0,0.0,0.0,0.0,0.0,0.0,0.0,1.0,0,0,202310250TOR
Luka Garza,,,,,,,,,,,,,,,,,,,,,0,0,202310250TOR
Jordan McLaughlin,,,,,,,,,,,,,,,,,,,,,0,0,202310250TOR
Leonard Miller,,,,,,,,,,,,,,,,,,,,,0,0,202310250TOR
Josh Minott,,,,,,,,,,,,,,,,,,,,,0,0,202310250TOR
Wendell Moore Jr.,,,,,,,,,,,,,,,,,,,,,0,0,202310250TOR
Daishen Nix,,,,,,,,,,,,,,,,,,,,,0,0,202310250TOR
Scottie Barnes,37.0,6.0,16.0,0.375,1.0,4.0,0.25,4.0,6.0,0.667,1.0,7.0,8.0,5.0,2.0,5.0,4.0,1.0,17.0,2.0,1,1,202310250TOR
Pascal Siakam,34.0,5.0,17.0,0.294,3.0,5.0,0.6,2.0,2.0,1.0,0.0,7.0,7.0,6.0,1.0,0.0,2.0,2.0,15.0,7.0,1,1,202310250TOR
OG Anunoby,33.0,7.0,13.0,0.538,4.0,9.0,0.444,2.0,2.0,1.0,0.0,6.0,6.0,1.0,2.0,3.0,2.0,2.0,20.0,6.0,1,1,202310250TOR
Dennis Schröder,32.0,8.0,17.0,0.471,4.0,8.0,0.5,2.0,2.0,1.0,1.0,2.0,3.0,7.0,0.0,0.0,2.0,1.0,22.0,10.0,1,1,202310250TOR
Jakob Poeltl,23.0,3.0,3.0,1.0,0.0,0.0,,1.0,4.0,0.25,3.0,8.0,11.0,1.0,1.0,1.0,0.0,1.0,7.0,8.0,1,1,202310250TOR
Gary Trent Jr.,26.0,2.0,8.0,0.25,1.0,4.0,0.25,0.0,0.0,,0.0,2.0,2.0,2.0,1.0,1.0,0.0,3.0,5.0,3.0,0,1,202310250TOR
Precious Achiuwa,24.0,4.0,9.0,0.444,0.0,1.0,0.0,0.0,0.0,,3.0,5.0,8.0,0.0,0.0,0.0,2.0,1.0,8.0,-5.0,0,1,202310250TOR
Jalen McDaniels,16.0,0.0,3.0,0.0,0.0,3.0,0.0,0.0,0.0,,0.0,2.0,2.0,2.0,1.0,1.0,0.0,2.0,0.0,-3.0,0,1,202310250TOR
Malachi Flynn,9.0,1.0,3.0,0.333,1.0,1.0,1.0,0.0,0.0,,0.0,0.0,0.0,2.0,1.0,0.0,2.0,4.0,3.0,-14.0,0,1,202310250TOR
Gradey Dick,2.0,0.0,1.0,0.0,0.0,0.0,,0.0,0.0,,0.0,0.0,0.0,1.0,0.0,0.0,0.0,1.0,0.0,1.0,0,1,202310250TOR
Chris Boucher,,,,,,,,,,,,,,,,,,,,,0,1,202310250TOR
Otto Porter Jr.,,,,,,,,,,,,,,,,,,,,,0,1,202310250TOR
Garrett Temple,,,,,,,,,,,,,,,,,,,,,0,1,202310250TOR
Thaddeus Young,,,,,,,,,,,,,,,,,,,,,0,1,202310250TOR
Harrison Barnes,33.0,11.0,16.0,0.688,5.0,7.0,0.714,6.0,6.0,1.0,0.0,4.0,4.0,2.0,1.0,0.0,1.0,2.0,33.0,10.0,1,1,202310250UTA
De'Aaron Fox,32.0,6.0,18.0,0.333,1.0,7.0,0.143,5.0,6.0,0.833,2.0,3.0,5.0,6.0,1.0,1.0,3.0,4.0,18.0,14.0,1,1,202310250UTA
Domantas Sabonis,32.0,8.0,14.0,0.571,1.0,2.0,0.5,5.0,7.0,0.714,6.0,6.0,12.0,5.0,1.0,2.0,3.0,3.0,22.0,5.0,1,1,202310250UTA
Keegan Murray,29.0,5.0,13.0,0.385,4.0,9.0,0.444,1.0,1.0,1.0,2.0,6.0,8.0,1.0,1.0,2.0,0.0,4.0,15.0,12.0,1,1,202310250UTA
Kevin Huerter,23.0,3.0,9.0,0.333,1.0,5.0,0.2,0.0,0.0,,2.0,3.0,5.0,2.0,0.0,0.0,1.0,3.0,7.0,6.0,1,1,202310250UTA
Malik Monk,23.0,4.0,12.0,0.333,2.0,9.0,0.222,0.0,0.0,,1.0,1.0,2.0,7.0,0.0,2.0,2.0,2.0,10.0,12.0,0,1,202310250UTA
Sasha Vezenkov,15.0,3.0,6.0,0.5,2.0,5.0,0.4,0.0,0.0,,1.0,1.0,2.0,0.0,2.0,0.0,0.0,1.0,8.0,9.0,0,1,202310250UTA
Chris Duarte,14.0,3.0,5.0,0.6,3.0,4.0,0.75,0.0,0.0,,1.0,1.0,2.0,1.0,0.0,0.0,0.0,3.0,9.0,5.0,0,1,202310250UTA
Davion Mitchell,13.0,0.0,3.0,0.0,0.0,2.0,0.0,0.0,0.0,,0.0,3.0,3.0,4.0,0.0,0.0,1.0,3.0,0.0,4.0,0,1,202310250UTA
JaVale McGee,13.0,4.0,4.0,1.0,0.0,0.0,,0.0,0.0,,0.0,1.0,1.0,1.0,0.0,1.0,0.0,0.0,8.0,13.0,0,1,202310250UTA
Alex Len,2.0,0.0,0.0,,0.0,0.0,,0.0,0.0,,0.0,0.0,0.0,0.0,0.0,0.0,0.0,0.0,0.0,-2.0,0,1,202310250UTA
Kessler Edwards,1.0,0.0,1.0,0.0,0.0,1.0,0.0,0.0,0.0,,0.0,0.0,0.0,0.0,0.0,0.0,0.0,0.0,0.0,-2.0,0,1,202310250UTA
Keon Ellis,1.0,0.0,0.0,,0.0,0.0,,0.0,0.0,,0.0,0.0,0.0,0.0,0.0,0.0,0.0,0.0,0.0,-2.0,0,1,202310250UTA
Jordan Ford,1.0,0.0,1.0,0.0,0.0,0.0,,0.0,0.0,,0.0,0.0,0.0,0.0,0.0,0.0,0.0,0.0,0.0,-2.0,0,1,202310250UTA
Colby Jones,1.0,0.0,0.0,,0.0,0.0,,0.0,0.0,,0.0,1.0,1.0,0.0,0.0,0.0,0.0,0.0,0.0,-2.0,0,1,202310250UTA
Lauri Markkanen,31.0,6.0,15.0,0.4,2.0,6.0,0.333,5.0,6.0,0.833,2.0,8.0,10.0,1.0,2.0,0.0,1.0,1.0,19.0,-7.0,1,0,202310250UTA
John Collins,30.0,6.0,11.0,0.545,1.0,3.0,0.333,2.0,2.0,1.0,3.0,8.0,11.0,2.0,1.0,0.0,0.0,3.0,15.0,-9.0,1,0,202310250UTA
Jordan Clarkson,30.0,8.0,16.0,0.5,2.0,5.0,0.4,6.0,8.0,0.75,2.0,2.0,4.0,6.0,0.0,0.0,2.0,4.0,24.0,-4.0,1,0,202310250UTA
Walker Kessler,22.0,4.0,5.0,0.8,0.0,0.0,,0.0,0.0,,4.0,4.0,8.0,0.0,0.0,1.0,1.0,3.0,8.0,-14.0,1,0,202310250UTA
Talen Horton-Tucker,21.0,3.0,9.0,0.333,2.0,4.0,0.5,0.0,0.0,,0.0,1.0,1.0,4.0,0.0,1.0,1.0,1.0,8.0,-5.0,1,0,202310250UTA
Collin Sexton,19.0,2.0,9.0,0.222,0.0,2.0,0.0,5.0,7.0,0.714,0.0,3.0,3.0,0.0,0.0,0.0,3.0,3.0,9.0,-10.0,0,0,202310250UTA
Ochai Agbaji,19.0,2.0,6.0,0.333,1.0,2.0,0.5,0.0,0.0,,0.0,3.0,3.0,0.0,0.0,0.0,0.0,2.0,5.0,-11.0,0,0,202310250UTA
Keyonte George,18.0,3.0,5.0,0.6,1.0,3.0,0.333,1.0,1.0,1.0,0.0,2.0,2.0,2.0,0.0,0.0,1.0,0.0,8.0,-9.0,0,0,202310250UTA
Kelly Olynyk,16.0,2.0,3.0,0.667,0.0,0.0,,1.0,1.0,1.0,3.0,3.0,6.0,4.0,1.0,0.0,1.0,3.0,5.0,-5.0,0,0,202310250UTA
Kris Dunn,15.0,3.0,6.0,0.5,0.0,1.0,0.0,2.0,4.0,0.5,0.0,1.0,1.0,2.0,2.0,0.0,4.0,0.0,8.0,-16.0,0,0,202310250UTA
Simone Fontecchio,2.0,1.0,2.0,0.5,0.0,1.0,0.0,0.0,0.0,,1.0,0.0,1.0,1.0,0.0,0.0,0.0,0.0,2.0,2.0,0,0,202310250UTA
Luka Šamanić,2.0,1.0,2.0,0.5,0.0,1.0,0.0,0.0,0.0,,0.0,0.0,0.0,0.0,0.0,0.0,0.0,0.0,2.0,2.0,0,0,202310250UTA
Taylor Hendricks,2.0,0.0,0.0,,0.0,0.0,,1.0,2.0,0.5,0.0,1.0,1.0,0.0,0.0,0.0,0.0,0.0,1.0,2.0,0,0,202310250UTA
Brice Sensabaugh,2.0,0.0,2.0,0.0,0.0,0.0,,0.0,0.0,,1.0,1.0,2.0,0.0,0.0,0.0,0.0,0.0,0.0,2.0,0,0,202310250UTA
Omer Yurtseven,2.0,0.0,0.0,,0.0,0.0,,0.0,0.0,,0.0,1.0,1.0,0.0,0.0,0.0,0.0,0.0,0.0,2.0,0,0,202310250UTA
D'Angelo Russell,36.0,4.0,12.0,0.333,2.0,5.0,0.4,1.0,2.0,0.5,0.0,4.0,4.0,7.0,1.0,0.0,3.0,3.0,11.0,1.0,1,0,202310240DEN
Anthony Davis,34.0,6.0,17.0,0.353,1.0,2.0,0.5,4.0,4.0,1.0,1.0,7.0,8.0,4.0,0.0,2.0,2.0,3.0,17.0,-17.0,1,0,202310240DEN
Austin Reaves,31.0,4.0,11.0,0.364,1.0,2.0,0.5,5.0,7.0,0.714,4.0,4.0,8.0,4.0,2.0,0.0,2.0,2.0,14.0,-14.0,1,0,202310240DEN
Taurean Prince,29.0,6.0,8.0,0.75,4.0,6.0,0.667,2.0,2.0,1.0,1.0,2.0,3.0,1.0,0.0,1.0,1.0,0.0,18.0,-14.0,1,0,202310240DEN
LeBron James,29.0,10.0,16.0,0.625,1.0,4.0,0.25,0.0,1.0,0.0,1.0,7.0,8.0,5.0,1.0,0.0,0.0,1.0,21.0,7.0,1,0,202310240DEN
Gabe Vincent,22.0,3.0,8.0,0.375,0.0,4.0,0.0,0.0,0.0,,1.0,0.0,1.0,2.0,1.0,0.0,2.0,3.0,6.0,-17.0,0,0,202310240DEN
Cam Reddish,17.0,2.0,4.0,0.5,1.0,2.0,0.5,2.0,2.0,1.0,2.0,2.0,4.0,0.0,0.0,1.0,0.0,2.0,7.0,7.0,0,0,202310240DEN
Christian Wood,15.0,3.0,4.0,0.75,0.0,1.0,0.0,1.0,2.0,0.5,1.0,3.0,4.0,0.0,0.0,0.0,1.0,1.0,7.0,2.0,0,0,202310240DEN
Rui Hachimura,14.0,3.0,10.0,0.3,0.0,3.0,0.0,0.0,0.0,,2.0,1.0,3.0,0.0,0.0,0.0,0.0,2.0,6.0,-8.0,0,0,202310240DEN
Jaxson Hayes,6.0,0.0,0.0,,0.0,0.0,,0.0,0.0,,0.0,1.0,1.0,0.0,0.0,0.0,0.0,1.0,0.0,-7.0,0,0,202310240DEN
Max Christie,1.0,0.0,0.0,,0.0,0.0,,0.0,0.0,,0.0,0.0,0.0,0.0,0.0,0.0,0.0,0.0,0.0,0.0,0,0,202310240DEN
Maxwell Lewis,1.0,0.0,0.0,,0.0,0.0,,0.0,0.0,,0.0,0.0,0.0,0.0,0.0,0.0,0.0,0.0,0.0,0.0,0,0,202310240DEN
Nikola Jokić,36.0,12.0,22.0,0.545,3.0,5.0,0.6,2.0,4.0,0.5,3.0,10.0,13.0,11.0,1.0,1.0,2.0,2.0,29.0,15.0,1,1,202310240DEN
Kentavious Caldwell-Pope,36.0,8.0,12.0,0.667,2.0,3.0,0.667,2.0,2.0,1.0,1.0,1.0,2.0,1.0,3.0,1.0,3.0,5.0,20.0,10.0,1,1,202310240DEN
Aaron Gordon,34.0,7.0,11.0,0.636,1.0,2.0,0.5,0.0,0.0,,2.0,5.0,7.0,5.0,2.0,1.0,0.0,0.0,15.0,6.0,1,1,202310240DEN
Jamal Murray,34.0,8.0,13.0,0.615,3.0,5.0,0.6,2.0,2.0,1.0,0.0,2.0,2.0,6.0,0.0,1.0,1.0,3.0,21.0,3.0,1,1,202310240DEN
Michael Porter Jr.,30.0,5.0,13.0,0.385,2.0,9.0,0.222,0.0,0.0,,2.0,10.0,12.0,2.0,2.0,0.0,0.0,1.0,12.0,12.0,1,1,202310240DEN
Reggie Jackson,24.0,3.0,8.0,0.375,2.0,5.0,0.4,0.0,0.0,,0.0,3.0,3.0,1.0,1.0,0.0,2.0,0.0,8.0,11.0,0,1,202310240DEN
Christian Braun,19.0,2.0,5.0,0.4,0.0,1.0,0.0,1.0,2.0,0.5,1.0,2.0,3.0,2.0,0.0,1.0,1.0,1.0,5.0,5.0,0,1,202310240DEN
Zeke Nnaji,11.0,1.0,3.0,0.333,0.0,1.0,0.0,2.0,2.0,1.0,0.0,0.0,0.0,1.0,0.0,0.0,1.0,2.0,4.0,-3.0,0,1,202310240DEN
Peyton Watson,10.0,1.0,3.0,0.333,1.0,3.0,0.333,0.0,0.0,,0.0,0.0,0.0,0.0,0.0,1.0,1.0,1.0,3.0,1.0,0,1,202310240DEN
Jalen Pickett,0.0,1.0,1.0,1.0,0.0,0.0,,0.0,0.0,,0.0,0.0,0.0,0.0,0.0,0.0,0.0,0.0,2.0,0.0,0,1,202310240DEN
Collin Gillespie,0.0,0.0,0.0,,0.0,0.0,,0.0,0.0,,0.0,0.0,0.0,0.0,0.0,0.0,0.0,0.0,0.0,0.0,0,1,202310240DEN
Braxton Key,0.0,0.0,0.0,,0.0,0.0,,0.0,0.0,,0.0,0.0,0.0,0.0,0.0,0.0,0.0,0.0,0.0,0.0,0,1,202310240DEN
Justin Holiday,,,,,,,,,,,,,,,,,,,,,0,1,202310240DEN
DeAndre Jordan,,,,,,,,,,,,,,,,,,,,,0,1,202310240DEN
Julian Strawther,,,,,,,,,,,,,,,,,,,,,0,1,202310240DEN
Devin Booker,36.0,13.0,21.0,0.619,3.0,8.0,0.375,3.0,3.0,1.0,1.0,5.0,6.0,8.0,1.0,0.0,6.0,4.0,32.0,5.0,1,1,202310240GSW
Kevin Durant,36.0,7.0,22.0,0.318,1.0,2.0,0.5,3.0,5.0,0.6,2.0,9.0,11.0,3.0,0.0,1.0,2.0,1.0,18.0,0.0,1,1,202310240GSW
Josh Okogie,31.0,7.0,9.0,0.778,1.0,1.0,1.0,2.0,2.0,1.0,4.0,1.0,5.0,1.0,1.0,0.0,2.0,2.0,17.0,2.0,1,1,202310240GSW
Jusuf Nurkić,27.0,5.0,8.0,0.625,1.0,2.0,0.5,3.0,3.0,1.0,3.0,11.0,14.0,3.0,0.0,1.0,1.0,5.0,14.0,2.0,1,1,202310240GSW
Grayson Allen,20.0,0.0,6.0,0.0,0.0,5.0,0.0,0.0,0.0,,3.0,1.0,4.0,2.0,0.0,0.0,1.0,2.0,0.0,-4.0,1,1,202310240GSW
Eric Gordon,31.0,4.0,16.0,0.25,2.0,9.0,0.222,0.0,0.0,,1.0,3.0,4.0,1.0,1.0,1.0,1.0,2.0,10.0,6.0,0,1,202310240GSW
Drew Eubanks,19.0,1.0,3.0,0.333,0.0,0.0,,2.0,4.0,0.5,2.0,5.0,7.0,2.0,0.0,3.0,3.0,3.0,4.0,-2.0,0,1,202310240GSW
Yuta Watanabe,17.0,3.0,5.0,0.6,2.0,4.0,0.5,0.0,0.0,,0.0,4.0,4.0,0.0,0.0,1.0,1.0,2.0,8.0,7.0,0,1,202310240GSW
Jordan Goodwin,14.0,1.0,4.0,0.25,0.0,1.0,0.0,0.0,0.0,,1.0,3.0,4.0,3.0,1.0,0.0,2.0,0.0,2.0,7.0,0,1,202310240GSW
Nassir Little,2.0,1.0,1.0,1.0,1.0,1.0,1.0,0.0,0.0,,0.0,1.0,1.0,0.0,1.0,0.0,0.0,1.0,3.0,-3.0,0,1,202310240GSW
Udoka Azubuike,,,,,,,,,,,,,,,,,,,,,0,1,202310240GSW
Keita Bates-Diop,,,,,,,,,,,,,,,,,,,,,0,1,202310240GSW
Bol Bol,,,,,,,,,,,,,,,,,,,,,0,1,202310240GSW
Saben Lee,,,,,,,,,,,,,,,,,,,,,0,1,202310240GSW
Chimezie Metu,,,,,,,,,,,,,,,,,,,,,0,1,202310240GSW
Klay Thompson,36.0,6.0,18.0,0.333,3.0,11.0,0.273,0.0,0.0,,1.0,6.0,7.0,3.0,0.0,1.0,3.0,3.0,15.0,9.0,1,0,202310240GSW
Chris Paul,34.0,4.0,15.0,0.267,0.0,6.0,0.0,6.0,7.0,0.857,1.0,5.0,6.0,9.0,2.0,0.0,1.0,0.0,14.0,5.0,1,0,202310240GSW
Stephen Curry,30.0,8.0,20.0,0.4,4.0,14.0,0.286,7.0,7.0,1.0,1.0,4.0,5.0,1.0,1.0,0.0,2.0,5.0,27.0,-9.0,1,0,202310240GSW
Kevon Looney,27.0,3.0,6.0,0.5,0.0,0.0,,1.0,1.0,1.0,5.0,6.0,11.0,1.0,0.0,0.0,2.0,2.0,7.0,-11.0,1,0,202310240GSW
Andrew Wiggins,27.0,4.0,12.0,0.333,0.0,3.0,0.0,2.0,3.0,0.667,1.0,0.0,1.0,0.0,0.0,1.0,0.0,3.0,10.0,-22.0,1,0,202310240GSW
Gary Payton II,21.0,0.0,5.0,0.0,0.0,2.0,0.0,1.0,2.0,0.5,0.0,2.0,2.0,2.0,3.0,0.0,0.0,1.0,1.0,15.0,0,0,202310240GSW
Jonathan Kuminga,20.0,4.0,8.0,0.5,0.0,0.0,,4.0,6.0,0.667,3.0,3.0,6.0,1.0,2.0,1.0,2.0,5.0,12.0,4.0,0,0,202310240GSW
Dario Šarić,20.0,3.0,11.0,0.273,1.0,3.0,0.333,0.0,0.0,,4.0,3.0,7.0,1.0,0.0,2.0,0.0,3.0,7.0,7.0,0,0,202310240GSW
Moses Moody,17.0,4.0,6.0,0.667,2.0,4.0,0.5,1.0,2.0,0.5,1.0,2.0,3.0,0.0,3.0,1.0,1.0,1.0,11.0,-6.0,0,0,202310240GSW
Cory Joseph,3.0,0.0,0.0,,0.0,0.0,,0.0,0.0,,1.0,0.0,1.0,1.0,0.0,0.0,0.0,0.0,0.0,-12.0,0,0,202310240GSW
Trayce Jackson-Davis,,,,,,,,,,,,,,,,,,,,,0,0,202310240GSW
Brandin Podziemski,,,,,,,,,,,,,,,,,,,,,0,0,202310240GSW
Mitchell Robinson,37.0,2.0,6.0,0.333,0.0,0.0,,3.0,4.0,0.75,6.0,7.0,13.0,1.0,4.0,4.0,1.0,1.0,7.0,11.0,1,1,202310270ATL
Julius Randle,34.0,4.0,10.0,0.4,3.0,7.0,0.429,6.0,8.0,0.75,2.0,10.0,12.0,9.0,0.0,0.0,3.0,3.0,17.0,7.0,1,1,202310270ATL
RJ Barrett,33.0,9.0,15.0,0.6,3.0,5.0,0.6,5.0,6.0,0.833,1.0,2.0,3.0,6.0,1.0,0.0,3.0,2.0,26.0,6.0,1,1,202310270ATL
Jalen Brunson,32.0,11.0,21.0,0.524,8.0,12.0,0.667,1.0,2.0,0.5,0.0,3.0,3.0,5.0,0.0,0.0,1.0,1.0,31.0,13.0,1,1,202310270ATL
Quentin Grimes,24.0,2.0,6.0,0.333,2.0,5.0,0.4,0.0,0.0,,1.0,0.0,1.0,1.0,0.0,0.0,1.0,3.0,6.0,8.0,1,1,202310270ATL
Immanuel Quickley,24.0,4.0,14.0,0.286,1.0,9.0,0.111,2.0,2.0,1.0,0.0,6.0,6.0,6.0,1.0,0.0,4.0,2.0,11.0,-3.0,0,1,202310270ATL
Josh Hart,21.0,2.0,4.0,0.5,0.0,1.0,0.0,0.0,0.0,,0.0,3.0,3.0,0.0,1.0,0.0,0.0,3.0,4.0,-2.0,0,1,202310270ATL
Donte DiVincenzo,20.0,6.0,10.0,0.6,3.0,5.0,0.6,1.0,2.0,0.5,1.0,1.0,2.0,1.0,1.0,1.0,2.0,2.0,16.0,-5.0,0,1,202310270ATL
Isaiah Hartenstein,10.0,3.0,4.0,0.75,0.0,0.0,,2.0,4.0,0.5,1.0,1.0,2.0,1.0,1.0,1.0,1.0,4.0,8.0,-5.0,0,1,202310270ATL
Ryan Arcidiacono,,,,,,,,,,,,,,,,,,,,,0,1,202310270ATL
Evan Fournier,,,,,,,,,,,,,,,,,,,,,0,1,202310270ATL
DaQuan Jeffries,,,,,,,,,,,,,,,,,,,,,0,1,202310270ATL
Miles McBride,,,,,,,,,,,,,,,,,,,,,0,1,202310270ATL
Jericho Sims,,,,,,,,,,,,,,,,,,,,,0,1,202310270ATL
Dylan Windler,,,,,,,,,,,,,,,,,,,,,0,1,202310270ATL
Trae Young,35.0,4.0,16.0,0.25,2.0,5.0,0.4,8.0,10.0,0.8,1.0,2.0,3.0,12.0,3.0,0.0,6.0,2.0,18.0,-5.0,1,0,202310270ATL
Dejounte Murray,34.0,8.0,17.0,0.471,0.0,3.0,0.0,2.0,3.0,0.667,2.0,5.0,7.0,6.0,1.0,1.0,1.0,1.0,18.0,-6.0,1,0,202310270ATL
De'Andre Hunter,32.0,8.0,13.0,0.615,3.0,7.0,0.429,8.0,8.0,1.0,0.0,6.0,6.0,1.0,0.0,1.0,0.0,3.0,27.0,-1.0,1,0,202310270ATL
Clint Capela,28.0,6.0,12.0,0.5,0.0,0.0,,1.0,2.0,0.5,6.0,7.0,13.0,2.0,0.0,1.0,1.0,3.0,13.0,-9.0,1,0,202310270ATL
Saddiq Bey,25.0,2.0,4.0,0.5,1.0,2.0,0.5,0.0,0.0,,0.0,1.0,1.0,1.0,0.0,1.0,1.0,2.0,5.0,-6.0,1,0,202310270ATL
Jalen Johnson,29.0,5.0,8.0,0.625,0.0,2.0,0.0,1.0,3.0,0.333,0.0,9.0,9.0,2.0,1.0,1.0,3.0,2.0,11.0,-1.0,0,0,202310270ATL
Bogdan Bogdanović,25.0,6.0,11.0,0.545,4.0,9.0,0.444,0.0,0.0,,0.0,1.0,1.0,3.0,1.0,0.0,2.0,3.0,16.0,0.0,0,0,202310270ATL
Onyeka Okongwu,20.0,1.0,2.0,0.5,0.0,0.0,,4.0,4.0,1.0,0.0,2.0,2.0,1.0,2.0,1.0,0.0,4.0,6.0,2.0,0,0,202310270ATL
AJ Griffin,8.0,2.0,4.0,0.5,2.0,4.0,0.5,0.0,0.0,,0.0,2.0,2.0,0.0,0.0,0.0,0.0,0.0,6.0,-4.0,0,0,202310270ATL
Kobe Bufkin,,,,,,,,,,,,,,,,,,,,,0,0,202310270ATL
Bruno Fernando,,,,,,,,,,,,,,,,,,,,,0,0,202310270ATL
Trent Forrest,,,,,,,,,,,,,,,,,,,,,0,0,202310270ATL
Mouhamed Gueye,,,,,,,,,,,,,,,,,,,,,0,0,202310270ATL
Garrison Mathews,,,,,,,,,,,,,,,,,,,,,0,0,202310270ATL
Patty Mills,,,,,,,,,,,,,,,,,,,,,0,0,202310270ATL
Tyler Herro,40.0,10.0,20.0,0.5,5.0,12.0,0.417,3.0,3.0,1.0,1.0,5.0,6.0,6.0,1.0,0.0,3.0,2.0,28.0,-1.0,1,0,202310270BOS
Bam Adebayo,35.0,10.0,23.0,0.435,0.0,0.0,,7.0,9.0,0.778,3.0,4.0,7.0,2.0,1.0,2.0,3.0,1.0,27.0,0.0,1,0,202310270BOS
Jimmy Butler,33.0,3.0,11.0,0.273,0.0,0.0,,8.0,9.0,0.889,2.0,3.0,5.0,3.0,1.0,1.0,1.0,1.0,14.0,0.0,1,0,202310270BOS
Kyle Lowry,31.0,5.0,7.0,0.714,3.0,4.0,0.75,0.0,0.0,,1.0,7.0,8.0,5.0,0.0,1.0,1.0,3.0,13.0,-1.0,1,0,202310270BOS
Kevin Love,20.0,3.0,7.0,0.429,2.0,4.0,0.5,1.0,2.0,0.5,2.0,7.0,9.0,2.0,1.0,0.0,0.0,1.0,9.0,13.0,1,0,202310270BOS
Duncan Robinson,24.0,3.0,7.0,0.429,3.0,6.0,0.5,0.0,0.0,,0.0,1.0,1.0,0.0,0.0,0.0,0.0,2.0,9.0,-12.0,0,0,202310270BOS
Dru Smith,23.0,3.0,6.0,0.5,3.0,4.0,0.75,0.0,0.0,,1.0,1.0,2.0,3.0,3.0,1.0,1.0,2.0,9.0,-18.0,0,0,202310270BOS
Jaime Jaquez Jr.,14.0,0.0,2.0,0.0,0.0,1.0,0.0,0.0,0.0,,0.0,2.0,2.0,2.0,0.0,0.0,1.0,2.0,0.0,-8.0,0,0,202310270BOS
Thomas Bryant,12.0,1.0,5.0,0.2,0.0,1.0,0.0,0.0,0.0,,1.0,3.0,4.0,1.0,0.0,1.0,1.0,1.0,2.0,-8.0,0,0,202310270BOS
Jamal Cain,3.0,0.0,1.0,0.0,0.0,1.0,0.0,0.0,0.0,,0.0,1.0,1.0,0.0,1.0,0.0,1.0,1.0,0.0,-5.0,0,0,202310270BOS
R.J. Hampton,,,,,,,,,,,,,,,,,,,,,0,0,202310270BOS
Nikola Jović,,,,,,,,,,,,,,,,,,,,,0,0,202310270BOS
Caleb Martin,,,,,,,,,,,,,,,,,,,,,0,0,202310270BOS
Orlando Robinson,,,,,,,,,,,,,,,,,,,,,0,0,202310270BOS
Jayson Tatum,41.0,9.0,22.0,0.409,3.0,10.0,0.3,1.0,3.0,0.333,0.0,8.0,8.0,5.0,1.0,0.0,2.0,4.0,22.0,13.0,1,1,202310270BOS
Jrue Holiday,36.0,7.0,13.0,0.538,1.0,4.0,0.25,2.0,2.0,1.0,2.0,8.0,10.0,7.0,0.0,1.0,1.0,2.0,17.0,4.0,1,1,202310270BOS
Derrick White,36.0,9.0,15.0,0.6,5.0,7.0,0.714,5.0,6.0,0.833,3.0,3.0,6.0,3.0,1.0,3.0,2.0,1.0,28.0,4.0,1,1,202310270BOS
Jaylen Brown,33.0,11.0,22.0,0.5,3.0,7.0,0.429,2.0,4.0,0.5,2.0,4.0,6.0,1.0,2.0,0.0,4.0,1.0,27.0,3.0,1,1,202310270BOS
Kristaps Porziņģis,30.0,6.0,12.0,0.5,2.0,6.0,0.333,3.0,4.0,0.75,3.0,6.0,9.0,1.0,3.0,1.0,1.0,6.0,17.0,-12.0,1,1,202310270BOS
Al Horford,24.0,0.0,6.0,0.0,0.0,2.0,0.0,0.0,0.0,,3.0,7.0,10.0,2.0,0.0,1.0,3.0,1.0,0.0,7.0,0,1,202310270BOS
Oshae Brissett,14.0,1.0,2.0,0.5,0.0,0.0,,0.0,0.0,,3.0,2.0,5.0,0.0,0.0,0.0,2.0,1.0,2.0,7.0,0,1,202310270BOS
Payton Pritchard,12.0,1.0,1.0,1.0,1.0,1.0,1.0,0.0,0.0,,0.0,0.0,0.0,1.0,0.0,0.0,0.0,2.0,3.0,8.0,0,1,202310270BOS
Sam Hauser,10.0,1.0,2.0,0.5,1.0,2.0,0.5,0.0,0.0,,0.0,1.0,1.0,0.0,0.0,0.0,0.0,1.0,3.0,6.0,0,1,202310270BOS
Dalano Banton,,,,,,,,,,,,,,,,,,,,,0,1,202310270BOS
JD Davison,,,,,,,,,,,,,,,,,,,,,0,1,202310270BOS
Luke Kornet,,,,,,,,,,,,,,,,,,,,,0,1,202310270BOS
Svi Mykhailiuk,,,,,,,,,,,,,,,,,,,,,0,1,202310270BOS
Lamar Stevens,,,,,,,,,,,,,,,,,,,,,0,1,202310270BOS
Jordan Walsh,,,,,,,,,,,,,,,,,,,,,0,1,202310270BOS
Pascal Siakam,41.0,7.0,15.0,0.467,1.0,5.0,0.2,3.0,5.0,0.6,1.0,7.0,8.0,2.0,0.0,0.0,3.0,4.0,18.0,-2.0,1,0,202310270CHI
Scottie Barnes,38.0,9.0,14.0,0.643,1.0,2.0,0.5,3.0,4.0,0.75,1.0,9.0,10.0,10.0,0.0,2.0,7.0,5.0,22.0,15.0,1,0,202310270CHI
Dennis Schröder,35.0,3.0,11.0,0.273,2.0,5.0,0.4,2.0,3.0,0.667,0.0,2.0,2.0,10.0,0.0,0.0,2.0,1.0,10.0,-6.0,1,0,202310270CHI
OG Anunoby,27.0,5.0,8.0,0.625,1.0,4.0,0.25,0.0,1.0,0.0,0.0,3.0,3.0,0.0,2.0,0.0,1.0,2.0,11.0,28.0,1,0,202310270CHI
Jakob Poeltl,18.0,4.0,5.0,0.8,0.0,0.0,,0.0,0.0,,0.0,6.0,6.0,0.0,0.0,0.0,3.0,6.0,8.0,20.0,1,0,202310270CHI
Gary Trent Jr.,36.0,6.0,15.0,0.4,3.0,10.0,0.3,1.0,4.0,0.25,2.0,3.0,5.0,1.0,2.0,0.0,1.0,1.0,16.0,-15.0,0,0,202310270CHI
Precious Achiuwa,22.0,2.0,5.0,0.4,1.0,3.0,0.333,3.0,3.0,1.0,2.0,7.0,9.0,1.0,0.0,0.0,3.0,6.0,8.0,-22.0,0,0,202310270CHI
Jalen McDaniels,17.0,0.0,4.0,0.0,0.0,4.0,0.0,0.0,0.0,,1.0,2.0,3.0,1.0,1.0,0.0,0.0,1.0,0.0,-25.0,0,0,202310270CHI
Chris Boucher,16.0,3.0,4.0,0.75,0.0,0.0,,4.0,5.0,0.8,1.0,5.0,6.0,0.0,0.0,0.0,1.0,3.0,10.0,22.0,0,0,202310270CHI
Gradey Dick,5.0,0.0,2.0,0.0,0.0,2.0,0.0,0.0,0.0,,0.0,1.0,1.0,0.0,0.0,0.0,0.0,0.0,0.0,-6.0,0,0,202310270CHI
Malachi Flynn,4.0,0.0,1.0,0.0,0.0,1.0,0.0,0.0,0.0,,0.0,0.0,0.0,0.0,0.0,0.0,0.0,0.0,0.0,-14.0,0,0,202310270CHI
Otto Porter Jr.,,,,,,,,,,,,,,,,,,,,,0,0,202310270CHI
Garrett Temple,,,,,,,,,,,,,,,,,,,,,0,0,202310270CHI
Thaddeus Young,,,,,,,,,,,,,,,,,,,,,0,0,202310270CHI
DeMar DeRozan,41.0,11.0,22.0,0.5,1.0,3.0,0.333,10.0,14.0,0.714,1.0,3.0,4.0,3.0,4.0,1.0,2.0,2.0,33.0,0.0,1,1,202310270CHI
Nikola Vučević,40.0,4.0,15.0,0.267,1.0,5.0,0.2,2.0,3.0,0.667,3.0,9.0,12.0,1.0,0.0,1.0,3.0,2.0,11.0,0.0,1,1,202310270CHI
Coby White,40.0,5.0,15.0,0.333,2.0,9.0,0.222,5.0,5.0,1.0,0.0,6.0,6.0,8.0,1.0,0.0,3.0,2.0,17.0,-1.0,1,1,202310270CHI
Zach LaVine,38.0,3.0,14.0,0.214,0.0,6.0,0.0,2.0,2.0,1.0,0.0,5.0,5.0,1.0,0.0,1.0,3.0,3.0,8.0,-23.0,1,1,202310270CHI
Patrick Williams,13.0,1.0,5.0,0.2,1.0,4.0,0.25,0.0,0.0,,0.0,3.0,3.0,1.0,2.0,0.0,2.0,3.0,3.0,-7.0,1,1,202310270CHI
Alex Caruso,31.0,5.0,9.0,0.556,2.0,5.0,0.4,1.0,2.0,0.5,6.0,7.0,13.0,2.0,2.0,1.0,0.0,5.0,13.0,29.0,0,1,202310270CHI
Torrey Craig,23.0,3.0,7.0,0.429,1.0,4.0,0.25,0.0,0.0,,3.0,2.0,5.0,0.0,1.0,1.0,0.0,2.0,7.0,-6.0,0,1,202310270CHI
Jevon Carter,12.0,0.0,2.0,0.0,0.0,2.0,0.0,0.0,0.0,,0.0,1.0,1.0,2.0,0.0,0.0,1.0,1.0,0.0,2.0,0,1,202310270CHI
Andre Drummond,12.0,3.0,6.0,0.5,0.0,0.0,,2.0,2.0,1.0,2.0,0.0,2.0,0.0,0.0,0.0,2.0,2.0,8.0,1.0,0,1,202310270CHI
Ayo Dosunmu,10.0,2.0,4.0,0.5,0.0,1.0,0.0,0.0,0.0,,0.0,1.0,1.0,0.0,0.0,0.0,0.0,0.0,4.0,10.0,0,1,202310270CHI
Julian Phillips,,,,,,,,,,,,,,,,,,,,,0,1,202310270CHI
Terry Taylor,,,,,,,,,,,,,,,,,,,,,0,1,202310270CHI
Dalen Terry,,,,,,,,,,,,,,,,,,,,,0,1,202310270CHI
Isaiah Stewart,36.0,6.0,11.0,0.545,2.0,5.0,0.4,1.0,2.0,0.5,1.0,6.0,7.0,1.0,0.0,1.0,4.0,3.0,15.0,6.0,1,1,202310270CHO
Jalen Duren,34.0,7.0,8.0,0.875,0.0,0.0,,0.0,0.0,,6.0,11.0,17.0,3.0,1.0,2.0,5.0,3.0,14.0,6.0,1,1,202310270CHO
Ausar Thompson,29.0,2.0,9.0,0.222,0.0,1.0,0.0,2.0,2.0,1.0,4.0,9.0,13.0,6.0,0.0,1.0,3.0,5.0,6.0,10.0,1,1,202310270CHO
Killian Hayes,29.0,2.0,10.0,0.2,1.0,3.0,0.333,1.0,2.0,0.5,0.0,3.0,3.0,3.0,2.0,1.0,3.0,4.0,6.0,-7.0,1,1,202310270CHO
Cade Cunningham,24.0,4.0,13.0,0.308,2.0,5.0,0.4,2.0,2.0,1.0,1.0,1.0,2.0,6.0,1.0,0.0,5.0,6.0,12.0,7.0,1,1,202310270CHO
Alec Burks,30.0,5.0,10.0,0.5,3.0,7.0,0.429,11.0,12.0,0.917,0.0,4.0,4.0,2.0,1.0,1.0,0.0,1.0,24.0,28.0,0,1,202310270CHO
Jaden Ivey,23.0,8.0,14.0,0.571,2.0,6.0,0.333,0.0,0.0,,0.0,2.0,2.0,4.0,1.0,0.0,2.0,4.0,18.0,-2.0,0,1,202310270CHO
Marvin Bagley III,13.0,5.0,9.0,0.556,0.0,1.0,0.0,4.0,5.0,0.8,0.0,4.0,4.0,1.0,0.0,0.0,0.0,0.0,14.0,6.0,0,1,202310270CHO
Joe Harris,11.0,1.0,3.0,0.333,0.0,1.0,0.0,0.0,0.0,,0.0,0.0,0.0,1.0,1.0,0.0,0.0,2.0,2.0,3.0,0,1,202310270CHO
Marcus Sasser,7.0,0.0,1.0,0.0,0.0,1.0,0.0,0.0,0.0,,0.0,1.0,1.0,1.0,0.0,0.0,1.0,1.0,0.0,3.0,0,1,202310270CHO
Malcolm Cazalon,,,,,,,,,,,,,,,,,,,,,0,1,202310270CHO
Jared Rhoden,,,,,,,,,,,,,,,,,,,,,0,1,202310270CHO
Stanley Umude,,,,,,,,,,,,,,,,,,,,,0,1,202310270CHO
James Wiseman,,,,,,,,,,,,,,,,,,,,,0,1,202310270CHO
Terry Rozier,34.0,8.0,20.0,0.4,0.0,7.0,0.0,4.0,4.0,1.0,1.0,2.0,3.0,1.0,1.0,0.0,2.0,0.0,20.0,-11.0,1,0,202310270CHO
Gordon Hayward,33.0,6.0,15.0,0.4,2.0,4.0,0.5,5.0,6.0,0.833,1.0,8.0,9.0,4.0,3.0,0.0,3.0,2.0,19.0,-10.0,1,0,202310270CHO
LaMelo Ball,33.0,4.0,17.0,0.235,2.0,7.0,0.286,10.0,12.0,0.833,3.0,6.0,9.0,9.0,2.0,1.0,4.0,1.0,20.0,-7.0,1,0,202310270CHO
P.J. Washington,28.0,6.0,13.0,0.462,1.0,5.0,0.2,0.0,1.0,0.0,0.0,3.0,3.0,3.0,2.0,1.0,2.0,6.0,13.0,-12.0,1,0,202310270CHO
Mark Williams,20.0,1.0,4.0,0.25,0.0,0.0,,0.0,0.0,,2.0,1.0,3.0,1.0,0.0,1.0,1.0,5.0,2.0,-17.0,1,0,202310270CHO
Brandon Miller,33.0,6.0,13.0,0.462,2.0,4.0,0.5,3.0,4.0,0.75,2.0,4.0,6.0,2.0,1.0,1.0,3.0,4.0,17.0,-2.0,0,0,202310270CHO
JT Thor,24.0,1.0,3.0,0.333,0.0,1.0,0.0,0.0,0.0,,1.0,3.0,4.0,0.0,1.0,1.0,0.0,1.0,2.0,0.0,0,0,202310270CHO
Nick Richards,16.0,0.0,1.0,0.0,0.0,0.0,,0.0,2.0,0.0,1.0,1.0,2.0,0.0,1.0,2.0,2.0,4.0,0.0,1.0,0,0,202310270CHO
Théo Maledon,14.0,1.0,2.0,0.5,0.0,0.0,,4.0,5.0,0.8,0.0,2.0,2.0,0.0,2.0,0.0,1.0,0.0,6.0,-2.0,0,0,202310270CHO
Amari Bailey,,,,,,,,,,,,,,,,,,,,,0,0,202310270CHO
Leaky Black,,,,,,,,,,,,,,,,,,,,,0,0,202310270CHO
Miles Bridges,,,,,,,,,,,,,,,,,,,,,0,0,202310270CHO
Bryce McGowens,,,,,,,,,,,,,,,,,,,,,0,0,202310270CHO
Frank Ntilikina,,,,,,,,,,,,,,,,,,,,,0,0,202310270CHO
Nick Smith Jr.,,,,,,,,,,,,,,,,,,,,,0,0,202310270CHO
Luguentz Dort,38.0,9.0,13.0,0.692,3.0,4.0,0.75,4.0,6.0,0.667,3.0,3.0,6.0,2.0,1.0,1.0,1.0,5.0,25.0,-6.0,1,1,202310270CLE
Shai Gilgeous-Alexander,35.0,15.0,26.0,0.577,2.0,2.0,1.0,2.0,2.0,1.0,1.0,10.0,11.0,4.0,5.0,1.0,5.0,2.0,34.0,4.0,1,1,202310270CLE
Jalen Williams,35.0,4.0,14.0,0.286,2.0,4.0,0.5,4.0,4.0,1.0,0.0,5.0,5.0,2.0,1.0,0.0,4.0,2.0,14.0,5.0,1,1,202310270CLE
Chet Holmgren,30.0,5.0,9.0,0.556,3.0,4.0,0.75,3.0,4.0,0.75,1.0,12.0,13.0,2.0,1.0,7.0,1.0,3.0,16.0,6.0,1,1,202310270CLE
Josh Giddey,28.0,1.0,8.0,0.125,0.0,1.0,0.0,0.0,0.0,,0.0,6.0,6.0,6.0,0.0,0.0,3.0,1.0,2.0,-12.0,1,1,202310270CLE
Isaiah Joe,22.0,2.0,10.0,0.2,1.0,7.0,0.143,0.0,1.0,0.0,0.0,3.0,3.0,2.0,0.0,0.0,1.0,1.0,5.0,12.0,0,1,202310270CLE
Cason Wallace,18.0,3.0,4.0,0.75,1.0,1.0,1.0,2.0,2.0,1.0,1.0,1.0,2.0,0.0,0.0,0.0,0.0,0.0,9.0,3.0,0,1,202310270CLE
Aaron Wiggins,11.0,0.0,0.0,,0.0,0.0,,0.0,0.0,,0.0,0.0,0.0,1.0,0.0,1.0,1.0,0.0,0.0,2.0,0,1,202310270CLE
Ousmane Dieng,11.0,0.0,2.0,0.0,0.0,2.0,0.0,0.0,0.0,,0.0,1.0,1.0,2.0,0.0,0.0,0.0,3.0,0.0,-4.0,0,1,202310270CLE
Vasilije Micić,6.0,1.0,1.0,1.0,1.0,1.0,1.0,0.0,0.0,,0.0,0.0,0.0,1.0,0.0,0.0,2.0,0.0,3.0,2.0,0,1,202310270CLE
Lindy Waters III,0.0,0.0,0.0,,0.0,0.0,,0.0,0.0,,0.0,0.0,0.0,0.0,0.0,0.0,0.0,0.0,0.0,3.0,0,1,202310270CLE
Dāvis Bertāns,,,,,,,,,,,,,,,,,,,,,0,1,202310270CLE
Tre Mann,,,,,,,,,,,,,,,,,,,,,0,1,202310270CLE
Aleksej Pokusevski,,,,,,,,,,,,,,,,,,,,,0,1,202310270CLE
Olivier Sarr,,,,,,,,,,,,,,,,,,,,,0,1,202310270CLE
Donovan Mitchell,42.0,15.0,27.0,0.556,4.0,11.0,0.364,9.0,11.0,0.818,1.0,7.0,8.0,5.0,3.0,2.0,5.0,1.0,43.0,7.0,1,0,202310270CLE
Max Strus,37.0,3.0,14.0,0.214,2.0,11.0,0.182,0.0,0.0,,0.0,5.0,5.0,4.0,2.0,1.0,2.0,1.0,8.0,8.0,1,0,202310270CLE
Evan Mobley,33.0,5.0,12.0,0.417,0.0,0.0,,4.0,6.0,0.667,2.0,13.0,15.0,3.0,0.0,2.0,2.0,4.0,14.0,-9.0,1,0,202310270CLE
Isaac Okoro,28.0,3.0,8.0,0.375,1.0,3.0,0.333,3.0,4.0,0.75,4.0,3.0,7.0,2.0,2.0,1.0,1.0,3.0,10.0,-7.0,1,0,202310270CLE
Dean Wade,26.0,3.0,6.0,0.5,2.0,5.0,0.4,0.0,0.0,,0.0,5.0,5.0,0.0,2.0,0.0,1.0,3.0,8.0,-9.0,1,0,202310270CLE
Caris LeVert,31.0,7.0,16.0,0.438,3.0,9.0,0.333,0.0,0.0,,0.0,2.0,2.0,2.0,1.0,1.0,1.0,1.0,17.0,-3.0,0,0,202310270CLE
Georges Niang,20.0,1.0,6.0,0.167,0.0,5.0,0.0,0.0,0.0,,0.0,2.0,2.0,1.0,0.0,0.0,0.0,2.0,2.0,0.0,0,0,202310270CLE
Damian Jones,9.0,0.0,0.0,,0.0,0.0,,1.0,2.0,0.5,0.0,3.0,3.0,0.0,0.0,1.0,0.0,0.0,1.0,5.0,0,0,202310270CLE
Ty Jerome,9.0,1.0,3.0,0.333,0.0,1.0,0.0,0.0,0.0,,1.0,0.0,1.0,3.0,0.0,0.0,1.0,1.0,2.0,-7.0,0,0,202310270CLE
Emoni Bates,,,,,,,,,,,,,,,,,,,,,0,0,202310270CLE
Sam Merrill,,,,,,,,,,,,,,,,,,,,,0,0,202310270CLE
Isaiah Mobley,,,,,,,,,,,,,,,,,,,,,0,0,202310270CLE
Craig Porter Jr.,,,,,,,,,,,,,,,,,,,,,0,0,202310270CLE
Tristan Thompson,,,,,,,,,,,,,,,,,,,,,0,0,202310270CLE
Spencer Dinwiddie,39.0,8.0,17.0,0.471,6.0,12.0,0.5,1.0,2.0,0.5,0.0,3.0,3.0,8.0,0.0,0.0,2.0,4.0,23.0,4.0,1,0,202310270DAL
Mikal Bridges,35.0,6.0,17.0,0.353,3.0,7.0,0.429,3.0,3.0,1.0,1.0,3.0,4.0,3.0,0.0,0.0,1.0,2.0,18.0,-12.0,1,0,202310270DAL
Cam Thomas,33.0,12.0,19.0,0.632,1.0,4.0,0.25,5.0,5.0,1.0,0.0,7.0,7.0,2.0,1.0,1.0,0.0,2.0,30.0,3.0,1,0,202310270DAL
Ben Simmons,32.0,5.0,8.0,0.625,0.0,0.0,,0.0,0.0,,4.0,6.0,10.0,8.0,2.0,2.0,2.0,3.0,10.0,0.0,1,0,202310270DAL
Dorian Finney-Smith,32.0,4.0,8.0,0.5,4.0,7.0,0.571,0.0,0.0,,1.0,6.0,7.0,3.0,0.0,0.0,2.0,5.0,12.0,-15.0,1,0,202310270DAL
Royce O'Neale,34.0,4.0,9.0,0.444,3.0,7.0,0.429,0.0,0.0,,2.0,8.0,10.0,3.0,1.0,0.0,3.0,4.0,11.0,-11.0,0,0,202310270DAL
Lonnie Walker IV,21.0,5.0,9.0,0.556,4.0,6.0,0.667,0.0,0.0,,0.0,1.0,1.0,2.0,0.0,1.0,2.0,3.0,14.0,8.0,0,0,202310270DAL
Dennis Smith Jr.,8.0,0.0,3.0,0.0,0.0,0.0,,0.0,0.0,,0.0,1.0,1.0,1.0,0.0,0.0,1.0,4.0,0.0,-7.0,0,0,202310270DAL
Day'Ron Sharpe,3.0,1.0,2.0,0.5,0.0,0.0,,0.0,0.0,,2.0,2.0,4.0,0.0,1.0,0.0,2.0,1.0,2.0,5.0,0,0,202310270DAL
Armoni Brooks,,,,,,,,,,,,,,,,,,,,,0,0,202310270DAL
Noah Clowney,,,,,,,,,,,,,,,,,,,,,0,0,202310270DAL
Harry Giles,,,,,,,,,,,,,,,,,,,,,0,0,202310270DAL
Trendon Watford,,,,,,,,,,,,,,,,,,,,,0,0,202310270DAL
Jalen Wilson,,,,,,,,,,,,,,,,,,,,,0,0,202310270DAL
Luka Dončić,36.0,16.0,25.0,0.64,9.0,14.0,0.643,8.0,10.0,0.8,1.0,9.0,10.0,7.0,0.0,0.0,0.0,1.0,49.0,9.0,1,1,202310270DAL
Kyrie Irving,33.0,6.0,17.0,0.353,1.0,4.0,0.25,4.0,4.0,1.0,1.0,6.0,7.0,6.0,0.0,0.0,0.0,2.0,17.0,-7.0,1,1,202310270DAL
Grant Williams,29.0,2.0,6.0,0.333,1.0,4.0,0.25,0.0,0.0,,0.0,6.0,6.0,0.0,0.0,0.0,2.0,5.0,5.0,-4.0,1,1,202310270DAL
Dereck Lively II,16.0,4.0,4.0,1.0,0.0,0.0,,1.0,2.0,0.5,1.0,1.0,2.0,0.0,0.0,1.0,1.0,0.0,9.0,1.0,1,1,202310270DAL
Derrick Jones Jr.,14.0,2.0,5.0,0.4,0.0,2.0,0.0,0.0,0.0,,0.0,1.0,1.0,1.0,0.0,0.0,1.0,1.0,4.0,1.0,1,1,202310270DAL
Tim Hardaway Jr.,30.0,6.0,17.0,0.353,3.0,7.0,0.429,4.0,4.0,1.0,1.0,3.0,4.0,1.0,0.0,0.0,1.0,2.0,19.0,13.0,0,1,202310270DAL
Josh Green,27.0,2.0,7.0,0.286,0.0,3.0,0.0,3.0,6.0,0.5,1.0,2.0,3.0,2.0,3.0,0.0,3.0,2.0,7.0,8.0,0,1,202310270DAL
Maxi Kleber,25.0,0.0,3.0,0.0,0.0,0.0,,0.0,0.0,,1.0,4.0,5.0,2.0,0.0,0.0,0.0,1.0,0.0,10.0,0,1,202310270DAL
Dwight Powell,12.0,4.0,4.0,1.0,1.0,1.0,1.0,2.0,2.0,1.0,2.0,0.0,2.0,0.0,1.0,0.0,0.0,0.0,11.0,-6.0,0,1,202310270DAL
Seth Curry,8.0,1.0,1.0,1.0,0.0,0.0,,0.0,0.0,,0.0,0.0,0.0,1.0,0.0,0.0,1.0,1.0,2.0,1.0,0,1,202310270DAL
Dante Exum,4.0,1.0,2.0,0.5,0.0,1.0,0.0,0.0,0.0,,0.0,0.0,0.0,0.0,1.0,1.0,0.0,0.0,2.0,-1.0,0,1,202310270DAL
Jaden Hardy,,,,,,,,,,,,,,,,,,,,,0,1,202310270DAL
Richaun Holmes,,,,,,,,,,,,,,,,,,,,,0,1,202310270DAL
Markieff Morris,,,,,,,,,,,,,,,,,,,,,0,1,202310270DAL
Olivier-Maxence Prosper,,,,,,,,,,,,,,,,,,,,,0,1,202310270DAL
Nikola Jokić,34.0,8.0,14.0,0.571,1.0,4.0,0.25,5.0,6.0,0.833,3.0,9.0,12.0,7.0,1.0,1.0,9.0,1.0,22.0,6.0,1,1,202310270MEM
Kentavious Caldwell-Pope,34.0,3.0,10.0,0.3,2.0,6.0,0.333,0.0,0.0,,0.0,2.0,2.0,1.0,5.0,1.0,0.0,1.0,8.0,6.0,1,1,202310270MEM
Jamal Murray,33.0,7.0,17.0,0.412,4.0,9.0,0.444,4.0,4.0,1.0,0.0,1.0,1.0,5.0,0.0,1.0,3.0,2.0,22.0,8.0,1,1,202310270MEM
Aaron Gordon,30.0,5.0,11.0,0.455,0.0,1.0,0.0,0.0,1.0,0.0,1.0,1.0,2.0,3.0,3.0,1.0,1.0,3.0,10.0,8.0,1,1,202310270MEM
Michael Porter Jr.,28.0,3.0,7.0,0.429,2.0,5.0,0.4,1.0,1.0,1.0,1.0,12.0,13.0,3.0,0.0,0.0,1.0,4.0,9.0,4.0,1,1,202310270MEM
Reggie Jackson,21.0,7.0,13.0,0.538,2.0,5.0,0.4,0.0,0.0,,0.0,2.0,2.0,6.0,0.0,1.0,0.0,0.0,16.0,-4.0,0,1,202310270MEM
Christian Braun,18.0,2.0,6.0,0.333,1.0,4.0,0.25,0.0,2.0,0.0,1.0,3.0,4.0,2.0,1.0,0.0,1.0,1.0,5.0,0.0,0,1,202310270MEM
Peyton Watson,18.0,3.0,4.0,0.75,2.0,3.0,0.667,1.0,2.0,0.5,0.0,3.0,3.0,0.0,1.0,3.0,1.0,3.0,9.0,-4.0,0,1,202310270MEM
Zeke Nnaji,13.0,3.0,4.0,0.75,0.0,0.0,,1.0,2.0,0.5,0.0,1.0,1.0,0.0,0.0,2.0,1.0,1.0,7.0,-2.0,0,1,202310270MEM
Julian Strawther,5.0,0.0,2.0,0.0,0.0,0.0,,0.0,0.0,,0.0,0.0,0.0,0.0,0.0,0.0,0.0,2.0,0.0,-2.0,0,1,202310270MEM
Justin Holiday,,,,,,,,,,,,,,,,,,,,,0,1,202310270MEM
DeAndre Jordan,,,,,,,,,,,,,,,,,,,,,0,1,202310270MEM
Braxton Key,,,,,,,,,,,,,,,,,,,,,0,1,202310270MEM
Jalen Pickett,,,,,,,,,,,,,,,,,,,,,0,1,202310270MEM
Hunter Tyson,,,,,,,,,,,,,,,,,,,,,0,1,202310270MEM
Xavier Tillman Sr.,34.0,5.0,9.0,0.556,1.0,3.0,0.333,2.0,4.0,0.5,2.0,6.0,8.0,2.0,3.0,2.0,5.0,5.0,13.0,-5.0,1,0,202310270MEM
Desmond Bane,31.0,4.0,17.0,0.235,1.0,10.0,0.1,6.0,6.0,1.0,1.0,2.0,3.0,3.0,2.0,0.0,2.0,3.0,15.0,-8.0,1,0,202310270MEM
Ziaire Williams,31.0,3.0,10.0,0.3,0.0,3.0,0.0,5.0,5.0,1.0,2.0,7.0,9.0,3.0,0.0,0.0,4.0,0.0,11.0,0.0,1,0,202310270MEM
Marcus Smart,30.0,7.0,13.0,0.538,3.0,7.0,0.429,3.0,3.0,1.0,1.0,1.0,2.0,5.0,5.0,0.0,2.0,3.0,20.0,-6.0,1,0,202310270MEM
Jaren Jackson Jr.,28.0,9.0,13.0,0.692,2.0,2.0,1.0,1.0,2.0,0.5,2.0,7.0,9.0,2.0,0.0,3.0,0.0,5.0,21.0,-1.0,1,0,202310270MEM
John Konchar,30.0,1.0,2.0,0.5,0.0,1.0,0.0,0.0,0.0,,0.0,6.0,6.0,2.0,1.0,2.0,0.0,1.0,2.0,3.0,0,0,202310270MEM
Derrick Rose,21.0,6.0,14.0,0.429,2.0,3.0,0.667,2.0,2.0,1.0,2.0,2.0,4.0,3.0,1.0,0.0,3.0,2.0,16.0,-1.0,0,0,202310270MEM
Jake LaRavia,16.0,2.0,3.0,0.667,1.0,2.0,0.5,1.0,2.0,0.5,3.0,2.0,5.0,0.0,0.0,0.0,2.0,1.0,6.0,6.0,0,0,202310270MEM
David Roddy,15.0,0.0,4.0,0.0,0.0,2.0,0.0,0.0,0.0,,0.0,2.0,2.0,2.0,1.0,0.0,2.0,3.0,0.0,-8.0,0,0,202310270MEM
Jacob Gilyard,,,,,,,,,,,,,,,,,,,,,0,0,202310270MEM
Gregory Jackson II,,,,,,,,,,,,,,,,,,,,,0,0,202310270MEM
Kenneth Lofton Jr.,,,,,,,,,,,,,,,,,,,,,0,0,202310270MEM
Ja Morant,,,,,,,,,,,,,,,,,,,,,0,0,202310270MEM
Vince Williams Jr.,,,,,,,,,,,,,,,,,,,,,0,0,202310270MEM
Franz Wagner,35.0,6.0,16.0,0.375,3.0,9.0,0.333,8.0,9.0,0.889,0.0,5.0,5.0,3.0,1.0,1.0,3.0,2.0,23.0,11.0,1,1,202310270POR
Paolo Banchero,35.0,5.0,12.0,0.417,0.0,0.0,,4.0,9.0,0.444,2.0,5.0,7.0,4.0,2.0,0.0,3.0,1.0,14.0,2.0,1,1,202310270POR
Jalen Suggs,26.0,4.0,5.0,0.8,0.0,1.0,0.0,3.0,3.0,1.0,0.0,5.0,5.0,2.0,4.0,2.0,1.0,3.0,11.0,3.0,1,1,202310270POR
Wendell Carter Jr.,26.0,2.0,7.0,0.286,1.0,3.0,0.333,3.0,4.0,0.75,2.0,7.0,9.0,1.0,0.0,0.0,2.0,1.0,8.0,6.0,1,1,202310270POR
Markelle Fultz,24.0,4.0,8.0,0.5,0.0,2.0,0.0,0.0,0.0,,1.0,1.0,2.0,6.0,0.0,0.0,1.0,0.0,8.0,11.0,1,1,202310270POR
Cole Anthony,28.0,6.0,15.0,0.4,3.0,7.0,0.429,3.0,6.0,0.5,1.0,3.0,4.0,2.0,0.0,1.0,1.0,3.0,18.0,-9.0,0,1,202310270POR
Moritz Wagner,21.0,8.0,8.0,1.0,1.0,1.0,1.0,0.0,1.0,0.0,4.0,5.0,9.0,1.0,1.0,1.0,1.0,2.0,17.0,-1.0,0,1,202310270POR
Gary Harris,18.0,1.0,5.0,0.2,1.0,3.0,0.333,0.0,0.0,,0.0,1.0,1.0,1.0,0.0,0.0,1.0,0.0,3.0,2.0,0,1,202310270POR
Joe Ingles,15.0,0.0,1.0,0.0,0.0,1.0,0.0,0.0,0.0,,0.0,1.0,1.0,1.0,1.0,0.0,1.0,3.0,0.0,3.0,0,1,202310270POR
Jonathan Isaac,7.0,0.0,2.0,0.0,0.0,1.0,0.0,0.0,0.0,,0.0,2.0,2.0,1.0,1.0,0.0,0.0,1.0,0.0,-3.0,0,1,202310270POR
Goga Bitadze,,,,,,,,,,,,,,,,,,,,,0,1,202310270POR
Anthony Black,,,,,,,,,,,,,,,,,,,,,0,1,202310270POR
Caleb Houstan,,,,,,,,,,,,,,,,,,,,,0,1,202310270POR
Jett Howard,,,,,,,,,,,,,,,,,,,,,0,1,202310270POR
Chuma Okeke,,,,,,,,,,,,,,,,,,,,,0,1,202310270POR
Shaedon Sharpe,41.0,9.0,23.0,0.391,4.0,11.0,0.364,2.0,2.0,1.0,4.0,1.0,5.0,2.0,2.0,0.0,3.0,1.0,24.0,-4.0,1,0,202310270POR
Jerami Grant,36.0,4.0,14.0,0.286,1.0,5.0,0.2,6.0,7.0,0.857,0.0,4.0,4.0,3.0,2.0,0.0,3.0,5.0,15.0,2.0,1,0,202310270POR
Deandre Ayton,30.0,7.0,9.0,0.778,0.0,0.0,,0.0,0.0,,4.0,11.0,15.0,1.0,0.0,0.0,2.0,4.0,14.0,6.0,1,0,202310270POR
Scoot Henderson,25.0,3.0,12.0,0.25,1.0,5.0,0.2,0.0,0.0,,2.0,1.0,3.0,2.0,1.0,0.0,5.0,5.0,7.0,-3.0,1,0,202310270POR
Matisse Thybulle,16.0,0.0,1.0,0.0,0.0,1.0,0.0,0.0,0.0,,0.0,2.0,2.0,0.0,1.0,1.0,0.0,2.0,0.0,-15.0,1,0,202310270POR
Malcolm Brogdon,30.0,6.0,15.0,0.4,2.0,6.0,0.333,4.0,6.0,0.667,2.0,5.0,7.0,1.0,0.0,0.0,2.0,2.0,18.0,-4.0,0,0,202310270POR
Toumani Camara,22.0,0.0,4.0,0.0,0.0,2.0,0.0,2.0,2.0,1.0,1.0,3.0,4.0,3.0,0.0,0.0,0.0,0.0,2.0,2.0,0,0,202310270POR
Robert Williams,20.0,3.0,5.0,0.6,0.0,0.0,,0.0,0.0,,1.0,2.0,3.0,2.0,0.0,0.0,1.0,2.0,6.0,-10.0,0,0,202310270POR
Jabari Walker,9.0,2.0,3.0,0.667,1.0,2.0,0.5,4.0,4.0,1.0,1.0,3.0,4.0,0.0,0.0,0.0,0.0,3.0,9.0,1.0,0,0,202310270POR
Skylar Mays,7.0,1.0,2.0,0.5,0.0,0.0,,0.0,0.0,,0.0,0.0,0.0,1.0,0.0,0.0,0.0,0.0,2.0,0.0,0,0,202310270POR
Moses Brown,,,,,,,,,,,,,,,,,,,,,0,0,202310270POR
Kris Murray,,,,,,,,,,,,,,,,,,,,,0,0,202310270POR
Rayan Rupert,,,,,,,,,,,,,,,,,,,,,0,0,202310270POR
Stephen Curry,34.0,14.0,19.0,0.737,7.0,10.0,0.7,6.0,6.0,1.0,1.0,3.0,4.0,4.0,2.0,0.0,4.0,0.0,41.0,10.0,1,1,202310270SAC
Chris Paul,33.0,5.0,12.0,0.417,0.0,2.0,0.0,0.0,0.0,,0.0,2.0,2.0,12.0,3.0,0.0,3.0,2.0,10.0,2.0,1,1,202310270SAC
Klay Thompson,32.0,7.0,12.0,0.583,2.0,4.0,0.5,2.0,2.0,1.0,0.0,3.0,3.0,4.0,1.0,0.0,3.0,4.0,18.0,4.0,1,1,202310270SAC
Kevon Looney,28.0,4.0,6.0,0.667,0.0,0.0,,0.0,0.0,,3.0,9.0,12.0,6.0,3.0,1.0,1.0,3.0,8.0,4.0,1,1,202310270SAC
Andrew Wiggins,26.0,5.0,13.0,0.385,0.0,3.0,0.0,1.0,2.0,0.5,1.0,4.0,5.0,3.0,0.0,2.0,2.0,4.0,11.0,2.0,1,1,202310270SAC
Jonathan Kuminga,25.0,5.0,11.0,0.455,1.0,3.0,0.333,1.0,2.0,0.5,1.0,4.0,5.0,0.0,0.0,0.0,2.0,3.0,12.0,9.0,0,1,202310270SAC
Moses Moody,21.0,4.0,5.0,0.8,2.0,3.0,0.667,0.0,0.0,,0.0,3.0,3.0,1.0,3.0,0.0,1.0,0.0,10.0,11.0,0,1,202310270SAC
Gary Payton II,18.0,2.0,4.0,0.5,1.0,3.0,0.333,2.0,2.0,1.0,0.0,0.0,0.0,1.0,1.0,0.0,2.0,3.0,7.0,-3.0,0,1,202310270SAC
Dario Šarić,14.0,2.0,5.0,0.4,1.0,4.0,0.25,0.0,0.0,,1.0,3.0,4.0,1.0,1.0,0.0,1.0,4.0,5.0,-6.0,0,1,202310270SAC
Trayce Jackson-Davis,4.0,0.0,0.0,,0.0,0.0,,0.0,0.0,,0.0,1.0,1.0,0.0,0.0,0.0,0.0,1.0,0.0,7.0,0,1,202310270SAC
Cory Joseph,,,,,,,,,,,,,,,,,,,,,0,1,202310270SAC
Brandin Podziemski,,,,,,,,,,,,,,,,,,,,,0,1,202310270SAC
Keegan Murray,39.0,6.0,16.0,0.375,3.0,11.0,0.273,1.0,2.0,0.5,3.0,4.0,7.0,1.0,2.0,1.0,4.0,2.0,16.0,-11.0,1,0,202310270SAC
De'Aaron Fox,39.0,14.0,28.0,0.5,5.0,9.0,0.556,6.0,7.0,0.857,0.0,4.0,4.0,4.0,2.0,0.0,2.0,3.0,39.0,1.0,1,0,202310270SAC
Domantas Sabonis,35.0,7.0,15.0,0.467,0.0,2.0,0.0,5.0,6.0,0.833,4.0,14.0,18.0,7.0,3.0,0.0,1.0,1.0,19.0,-9.0,1,0,202310270SAC
Harrison Barnes,30.0,4.0,5.0,0.8,1.0,2.0,0.5,1.0,4.0,0.25,1.0,3.0,4.0,1.0,1.0,0.0,0.0,1.0,10.0,-9.0,1,0,202310270SAC
Kevin Huerter,15.0,0.0,5.0,0.0,0.0,5.0,0.0,0.0,0.0,,0.0,2.0,2.0,2.0,0.0,1.0,0.0,0.0,0.0,-2.0,1,0,202310270SAC
Chris Duarte,26.0,1.0,7.0,0.143,0.0,4.0,0.0,2.0,3.0,0.667,0.0,1.0,1.0,3.0,1.0,0.0,1.0,6.0,4.0,0.0,0,0,202310270SAC
Malik Monk,17.0,2.0,4.0,0.5,1.0,2.0,0.5,4.0,4.0,1.0,0.0,0.0,0.0,6.0,0.0,1.0,2.0,2.0,9.0,-6.0,0,0,202310270SAC
Sasha Vezenkov,12.0,4.0,6.0,0.667,2.0,4.0,0.5,0.0,0.0,,0.0,1.0,1.0,0.0,0.0,0.0,0.0,0.0,10.0,1.0,0,0,202310270SAC
JaVale McGee,12.0,3.0,6.0,0.5,0.0,0.0,,1.0,3.0,0.333,2.0,2.0,4.0,0.0,0.0,0.0,2.0,0.0,7.0,1.0,0,0,202310270SAC
Davion Mitchell,10.0,0.0,2.0,0.0,0.0,1.0,0.0,0.0,0.0,,0.0,0.0,0.0,0.0,1.0,0.0,2.0,1.0,0.0,-8.0,0,0,202310270SAC
Colby Jones,0.0,0.0,0.0,,0.0,0.0,,0.0,0.0,,0.0,0.0,0.0,0.0,0.0,0.0,0.0,0.0,0.0,2.0,0,0,202310270SAC
Kessler Edwards,,,,,,,,,,,,,,,,,,,,,0,0,202310270SAC
Keon Ellis,,,,,,,,,,,,,,,,,,,,,0,0,202310270SAC
Alex Len,,,,,,,,,,,,,,,,,,,,,0,0,202310270SAC
Jalen Slawson,,,,,,,,,,,,,,,,,,,,,0,0,202310270SAC
Fred VanVleet,44.0,10.0,20.0,0.5,2.0,10.0,0.2,2.0,3.0,0.667,0.0,8.0,8.0,12.0,0.0,0.0,3.0,5.0,24.0,-9.0,1,0,202310270SAS
Alperen Şengün,40.0,11.0,18.0,0.611,1.0,3.0,0.333,2.0,6.0,0.333,6.0,8.0,14.0,7.0,2.0,1.0,6.0,6.0,25.0,-4.0,1,0,202310270SAS
Dillon Brooks,39.0,7.0,13.0,0.538,1.0,2.0,0.5,2.0,2.0,1.0,0.0,2.0,2.0,2.0,1.0,0.0,2.0,4.0,17.0,4.0,1,0,202310270SAS
Jalen Green,37.0,10.0,20.0,0.5,2.0,6.0,0.333,0.0,0.0,,1.0,4.0,5.0,4.0,0.0,0.0,2.0,2.0,22.0,-3.0,1,0,202310270SAS
Jabari Smith Jr.,37.0,5.0,16.0,0.313,2.0,8.0,0.25,1.0,4.0,0.25,4.0,5.0,9.0,0.0,1.0,0.0,2.0,4.0,13.0,-6.0,1,0,202310270SAS
Jeff Green,20.0,4.0,4.0,1.0,0.0,0.0,,2.0,2.0,1.0,0.0,1.0,1.0,1.0,0.0,0.0,0.0,1.0,10.0,-1.0,0,0,202310270SAS
Jae'Sean Tate,13.0,1.0,2.0,0.5,0.0,1.0,0.0,1.0,1.0,1.0,0.0,0.0,0.0,0.0,3.0,0.0,1.0,1.0,3.0,-8.0,0,0,202310270SAS
Amen Thompson,12.0,2.0,4.0,0.5,0.0,1.0,0.0,0.0,2.0,0.0,0.0,1.0,1.0,3.0,0.0,1.0,1.0,1.0,4.0,1.0,0,0,202310270SAS
Reggie Bullock,10.0,0.0,1.0,0.0,0.0,1.0,0.0,0.0,0.0,,0.0,3.0,3.0,0.0,0.0,0.0,1.0,1.0,0.0,3.0,0,0,202310270SAS
Boban Marjanović,7.0,2.0,2.0,1.0,0.0,0.0,,0.0,0.0,,0.0,0.0,0.0,1.0,0.0,0.0,0.0,1.0,4.0,3.0,0,0,202310270SAS
Aaron Holiday,,,,,,,,,,,,,,,,,,,,,0,0,202310270SAS
Jermaine Samuels,,,,,,,,,,,,,,,,,,,,,0,0,202310270SAS
Cam Whitmore,,,,,,,,,,,,,,,,,,,,,0,0,202310270SAS
Jeenathan Williams,,,,,,,,,,,,,,,,,,,,,0,0,202310270SAS
Devin Vassell,39.0,7.0,13.0,0.538,3.0,7.0,0.429,8.0,11.0,0.727,0.0,3.0,3.0,2.0,0.0,0.0,1.0,0.0,25.0,2.0,1,1,202310270SAS
Zach Collins,38.0,4.0,12.0,0.333,0.0,7.0,0.0,1.0,3.0,0.333,0.0,6.0,6.0,8.0,4.0,0.0,4.0,5.0,9.0,-4.0,1,1,202310270SAS
Keldon Johnson,35.0,8.0,14.0,0.571,3.0,7.0,0.429,1.0,2.0,0.5,2.0,2.0,4.0,4.0,0.0,1.0,3.0,5.0,20.0,-2.0,1,1,202310270SAS
Victor Wembanyama,30.0,7.0,19.0,0.368,0.0,6.0,0.0,7.0,8.0,0.875,5.0,7.0,12.0,1.0,3.0,3.0,4.0,2.0,21.0,9.0,1,1,202310270SAS
Jeremy Sochan,26.0,5.0,9.0,0.556,0.0,1.0,0.0,4.0,4.0,1.0,1.0,4.0,5.0,4.0,2.0,0.0,2.0,3.0,14.0,-8.0,1,1,202310270SAS
Tre Jones,32.0,3.0,8.0,0.375,0.0,3.0,0.0,0.0,0.0,,3.0,3.0,6.0,8.0,2.0,0.0,0.0,0.0,6.0,14.0,0,1,202310270SAS
Cedi Osman,23.0,5.0,7.0,0.714,4.0,6.0,0.667,0.0,0.0,,0.0,2.0,2.0,1.0,0.0,0.0,3.0,1.0,14.0,9.0,0,1,202310270SAS
Doug McDermott,16.0,3.0,5.0,0.6,2.0,4.0,0.5,0.0,0.0,,0.0,0.0,0.0,0.0,0.0,0.0,0.0,0.0,8.0,-4.0,0,1,202310270SAS
Malaki Branham,14.0,4.0,7.0,0.571,1.0,1.0,1.0,0.0,0.0,,0.0,2.0,2.0,4.0,0.0,0.0,1.0,0.0,9.0,7.0,0,1,202310270SAS
Charles Bassey,7.0,0.0,0.0,,0.0,0.0,,0.0,0.0,,1.0,2.0,3.0,0.0,0.0,0.0,0.0,1.0,0.0,-3.0,0,1,202310270SAS
Dominick Barlow,,,,,,,,,,,,,,,,,,,,,0,1,202310270SAS
Julian Champagnie,,,,,,,,,,,,,,,,,,,,,0,1,202310270SAS
Devonte' Graham,,,,,,,,,,,,,,,,,,,,,0,1,202310270SAS
Sandro Mamukelashvili,,,,,,,,,,,,,,,,,,,,,0,1,202310270SAS
Blake Wesley,,,,,,,,,,,,,,,,,,,,,0,1,202310270SAS
Paul George,37.0,9.0,17.0,0.529,3.0,9.0,0.333,15.0,15.0,1.0,1.0,3.0,4.0,1.0,0.0,0.0,2.0,1.0,36.0,3.0,1,0,202310270UTA
Russell Westbrook,36.0,2.0,4.0,0.5,0.0,1.0,0.0,0.0,0.0,,1.0,8.0,9.0,4.0,1.0,1.0,5.0,4.0,4.0,-4.0,1,0,202310270UTA
Kawhi Leonard,36.0,10.0,22.0,0.455,4.0,10.0,0.4,1.0,3.0,0.333,3.0,6.0,9.0,5.0,2.0,0.0,1.0,1.0,25.0,9.0,1,0,202310270UTA
Robert Covington,19.0,1.0,3.0,0.333,1.0,3.0,0.333,1.0,2.0,0.5,0.0,1.0,1.0,2.0,2.0,0.0,0.0,4.0,4.0,-6.0,1,0,202310270UTA
Ivica Zubac,19.0,3.0,6.0,0.5,0.0,0.0,,0.0,2.0,0.0,0.0,2.0,2.0,0.0,0.0,2.0,1.0,2.0,6.0,1.0,1,0,202310270UTA
Nicolas Batum,30.0,3.0,4.0,0.75,2.0,3.0,0.667,0.0,0.0,,0.0,2.0,2.0,3.0,1.0,3.0,0.0,4.0,8.0,-4.0,0,0,202310270UTA
Norman Powell,25.0,7.0,10.0,0.7,2.0,4.0,0.5,4.0,4.0,1.0,0.0,3.0,3.0,1.0,1.0,0.0,1.0,2.0,20.0,3.0,0,0,202310270UTA
Bones Hyland,22.0,5.0,10.0,0.5,2.0,5.0,0.4,0.0,0.0,,0.0,2.0,2.0,1.0,1.0,0.0,3.0,2.0,12.0,-1.0,0,0,202310270UTA
Mason Plumlee,11.0,1.0,1.0,1.0,0.0,0.0,,1.0,2.0,0.5,1.0,3.0,4.0,0.0,0.0,0.0,1.0,2.0,3.0,-11.0,0,0,202310270UTA
Kobe Brown,,,,,,,,,,,,,,,,,,,,,0,0,202310270UTA
Amir Coffey,,,,,,,,,,,,,,,,,,,,,0,0,202310270UTA
Moussa Diabaté,,,,,,,,,,,,,,,,,,,,,0,0,202310270UTA
Kenyon Martin Jr.,,,,,,,,,,,,,,,,,,,,,0,0,202310270UTA
Jordan Miller,,,,,,,,,,,,,,,,,,,,,0,0,202310270UTA
Lauri Markkanen,34.0,12.0,23.0,0.522,5.0,13.0,0.385,6.0,6.0,1.0,5.0,7.0,12.0,3.0,0.0,0.0,3.0,2.0,35.0,11.0,1,1,202310270UTA
John Collins,34.0,4.0,11.0,0.364,1.0,5.0,0.2,4.0,4.0,1.0,5.0,7.0,12.0,0.0,0.0,1.0,0.0,4.0,13.0,-4.0,1,1,202310270UTA
Jordan Clarkson,33.0,4.0,13.0,0.308,3.0,5.0,0.6,2.0,3.0,0.667,1.0,3.0,4.0,6.0,1.0,0.0,2.0,0.0,13.0,-2.0,1,1,202310270UTA
Talen Horton-Tucker,26.0,3.0,10.0,0.3,2.0,5.0,0.4,2.0,2.0,1.0,0.0,3.0,3.0,8.0,3.0,1.0,2.0,1.0,10.0,4.0,1,1,202310270UTA
Walker Kessler,21.0,3.0,6.0,0.5,1.0,2.0,0.5,0.0,0.0,,2.0,2.0,4.0,0.0,0.0,0.0,0.0,0.0,7.0,6.0,1,1,202310270UTA
Kelly Olynyk,26.0,5.0,6.0,0.833,2.0,2.0,1.0,3.0,3.0,1.0,3.0,1.0,4.0,3.0,1.0,1.0,3.0,3.0,15.0,-4.0,0,1,202310270UTA
Collin Sexton,19.0,5.0,12.0,0.417,0.0,2.0,0.0,3.0,4.0,0.75,0.0,1.0,1.0,0.0,0.0,0.0,0.0,3.0,13.0,-4.0,0,1,202310270UTA
Kris Dunn,18.0,2.0,7.0,0.286,0.0,2.0,0.0,0.0,0.0,,0.0,1.0,1.0,3.0,1.0,0.0,3.0,6.0,4.0,8.0,0,1,202310270UTA
Ochai Agbaji,12.0,1.0,3.0,0.333,0.0,2.0,0.0,0.0,0.0,,0.0,1.0,1.0,2.0,1.0,1.0,0.0,3.0,2.0,-2.0,0,1,202310270UTA
Keyonte George,12.0,3.0,5.0,0.6,2.0,3.0,0.667,0.0,0.0,,1.0,2.0,3.0,2.0,0.0,0.0,1.0,2.0,8.0,-3.0,0,1,202310270UTA
Simone Fontecchio,,,,,,,,,,,,,,,,,,,,,0,1,202310270UTA
Taylor Hendricks,,,,,,,,,,,,,,,,,,,,,0,1,202310270UTA
Luka Šamanić,,,,,,,,,,,,,,,,,,,,,0,1,202310270UTA
Brice Sensabaugh,,,,,,,,,,,,,,,,,,,,,0,1,202310270UTA
Omer Yurtseven,,,,,,,,,,,,,,,,,,,,,0,1,202310270UTA
