date,winner,loser,pts_winner,pts_loser,game_id
2022-10-18,Boston,Philadelphia,126,117,202210180BOS
2022-10-18,Golden State,LA Lakers,123,109,202210180GSW
2022-10-19,Atlanta,Houston,117,107,202210190ATL
2022-10-19,New Orleans,Brooklyn,130,108,202210190BRK
2022-10-19,Detroit,Orlando,113,109,202210190DET
2022-10-19,Washington,Indiana,114,107,202210190IND
2022-10-19,Memphis,New York,115,112,202210190MEM
2022-10-19,Chicago,Miami,116,108,202210190MIA
2022-10-19,Minnesota,Oklahoma City,115,108,202210190MIN
2022-10-19,Phoenix,Dallas,107,105,202210190PHO
2022-10-19,Portland,Sacramento,115,108,202210190SAC
2022-10-19,Charlotte,San Antonio,129,102,202210190SAS
2022-10-19,Toronto,Cleveland,108,105,202210190TOR
2022-10-19,Utah,Denver,123,102,202210190UTA
2022-10-20,LA Clippers,LA Lakers,103,97,202210200LAL
2022-10-20,Milwaukee,Philadelphia,90,88,202210200PHI
2022-10-21,Atlanta,Orlando,108,98,202210210ATL
2022-10-21,Brooklyn,Toronto,109,105,202210210BRK
2022-10-21,New Orleans,Charlotte,124,112,202210210CHO
2022-10-21,Denver,Golden State,128,123,202210210GSW
2022-10-21,Memphis,Houston,129,122,202210210HOU
2022-10-21,San Antonio,Indiana,137,134,202210210IND
2022-10-21,Boston,Miami,111,104,202210210MIA
2022-10-21,Utah,Minnesota,132,126,202210210MIN
2022-10-21,New York,Detroit,130,106,202210210NYK
2022-10-21,Portland,Phoenix,113,111,202210210POR
2022-10-21,Washington,Chicago,102,100,202210210WAS
2022-10-22,Cleveland,Chicago,128,96,202210220CHI
2022-10-22,Dallas,Memphis,137,96,202210220DAL
2022-10-22,Denver,Oklahoma City,122,117,202210220DEN
2022-10-22,Indiana,Detroit,124,115,202210220IND
2022-10-22,Miami,Toronto,112,109,202210220MIA
2022-10-22,Milwaukee,Houston,125,105,202210220MIL
2022-10-22,Boston,Orlando,126,120,202210220ORL
2022-10-22,San Antonio,Philadelphia,114,105,202210220PHI
2022-10-22,LA Clippers,Sacramento,111,109,202210220SAC
2022-10-23,Charlotte,Atlanta,126,109,202210230ATL
2022-10-23,Cleveland,Washington,117,107,202210230CLE
2022-10-23,Golden State,Sacramento,130,125,202210230GSW
2022-10-23,Phoenix,LA Clippers,112,95,202210230LAC
2022-10-23,Portland,LA Lakers,106,104,202210230LAL
2022-10-23,Utah,New Orleans,122,121,202210230NOP
2022-10-23,Minnesota,Oklahoma City,116,106,202210230OKC
2022-10-24,Chicago,Boston,120,102,202210240CHI
2022-10-24,Houston,Utah,114,108,202210240HOU
2022-10-24,Memphis,Brooklyn,134,124,202210240MEM
2022-10-24,Toronto,Miami,98,90,202210240MIA
2022-10-24,San Antonio,Minnesota,115,106,202210240MIN
2022-10-24,New York,Orlando,115,102,202210240NYK
2022-10-24,Philadelphia,Indiana,120,106,202210240PHI
2022-10-24,Portland,Denver,135,110,202210240POR
2022-10-25,New Orleans,Dallas,113,111,202210250NOP
2022-10-25,Oklahoma City,LA Clippers,108,94,202210250OKC
2022-10-25,Phoenix,Golden State,134,105,202210250PHO
2022-10-25,Washington,Detroit,120,99,202210250WAS
2022-10-26,Chicago,Indiana,124,109,202210260CHI
2022-10-26,Cleveland,Orlando,103,92,202210260CLE
2022-10-26,Denver,LA Lakers,110,99,202210260DEN
2022-10-26,Atlanta,Detroit,118,113,202210260DET
2022-10-26,Milwaukee,Brooklyn,110,99,202210260MIL
2022-10-26,Minnesota,San Antonio,134,122,202210260MIN
2022-10-26,New York,Charlotte,134,131,202210260NYK
2022-10-26,Miami,Portland,119,98,202210260POR
2022-10-26,Toronto,Philadelphia,119,109,202210260TOR
2022-10-26,Utah,Houston,109,101,202210260UTA
2022-10-27,Dallas,Brooklyn,129,125,202210270BRK
2022-10-27,Golden State,Miami,123,110,202210270GSW
2022-10-27,Oklahoma City,LA Clippers,118,110,202210270OKC
2022-10-27,Memphis,Sacramento,125,110,202210270SAC
2022-10-28,Cleveland,Boston,132,123,202210280BOS
2022-10-28,Denver,Utah,117,101,202210280DEN
2022-10-28,Atlanta,Detroit,136,112,202210280DET
2022-10-28,Milwaukee,New York,119,108,202210280MIL
2022-10-28,Minnesota,LA Lakers,111,102,202210280MIN
2022-10-28,Orlando,Charlotte,113,93,202210280ORL
2022-10-28,Phoenix,New Orleans,124,111,202210280PHO
2022-10-28,Portland,Houston,125,111,202210280POR
2022-10-28,San Antonio,Chicago,129,124,202210280SAS
2022-10-28,Philadelphia,Toronto,112,90,202210280TOR
2022-10-28,Indiana,Washington,127,117,202210280WAS
2022-10-29,Indiana,Brooklyn,125,116,202210290BRK
2022-10-29,Philadelphia,Chicago,114,109,202210290CHI
2022-10-29,Charlotte,Golden State,120,113,202210290CHO
2022-10-29,Oklahoma City,Dallas,117,111,202210290DAL
2022-10-29,Milwaukee,Atlanta,123,115,202210290MIL
2022-10-29,Sacramento,Miami,119,113,202210290SAC
2022-10-29,Utah,Memphis,124,123,202210290UTA
2022-10-30,Boston,Washington,112,94,202210300BOS
2022-10-30,Cleveland,New York,121,108,202210300CLE
2022-10-30,Dallas,Orlando,114,105,202210300DAL
2022-10-30,Detroit,Golden State,128,114,202210300DET
2022-10-30,New Orleans,LA Clippers,112,91,202210300LAC
2022-10-30,LA Lakers,Denver,121,110,202210300LAL
2022-10-30,Phoenix,Houston,124,109,202210300PHO
2022-10-30,San Antonio,Minnesota,107,98,202210300SAS
2022-10-31,Brooklyn,Indiana,116,109,202210310BRK
2022-10-31,Sacramento,Charlotte,115,108,202210310CHO
2022-10-31,LA Clippers,Houston,95,93,202210310LAC
2022-10-31,Milwaukee,Detroit,110,108,202210310MIL
2022-10-31,Toronto,Atlanta,139,109,202210310TOR
2022-10-31,Utah,Memphis,121,105,202210310UTA
2022-10-31,Philadelphia,Washington,118,111,202210310WAS
2022-11-1,Chicago,Brooklyn,108,99,202211010BRK
2022-11-1,Miami,Golden State,116,109,202211010MIA
2022-11-1,Oklahoma City,Orlando,116,108,202211010OKC
2022-11-1,Phoenix,Minnesota,116,107,202211010PHO
2022-11-2,Chicago,Charlotte,106,88,202211020CHI
2022-11-2,Cleveland,Boston,114,113,202211020CLE
2022-11-2,Dallas,Utah,103,100,202211020DAL
2022-11-2,LA Clippers,Houston,109,101,202211020HOU
2022-11-2,LA Lakers,New Orleans,120,117,202211020LAL
2022-11-2,Miami,Sacramento,110,107,202211020MIA
2022-11-2,Milwaukee,Detroit,116,91,202211020MIL
2022-11-2,Atlanta,New York,112,99,202211020NYK
2022-11-2,Washington,Philadelphia,121,111,202211020PHI
2022-11-2,Memphis,Portland,111,106,202211020POR
2022-11-2,Toronto,San Antonio,143,100,202211020SAS
2022-11-3,Denver,Oklahoma City,122,110,202211030OKC
2022-11-3,Orlando,Golden State,130,129,202211030ORL
2022-11-4,Boston,Chicago,123,119,202211040BOS
2022-11-4,Dallas,Toronto,111,110,202211040DAL
2022-11-4,Cleveland,Detroit,112,88,202211040DET
2022-11-4,Indiana,Miami,101,99,202211040IND
2022-11-4,Utah,LA Lakers,130,116,202211040LAL
2022-11-4,Memphis,Charlotte,130,99,202211040MEM
2022-11-4,Milwaukee,Minnesota,115,102,202211040MIN
2022-11-4,New Orleans,Golden State,114,105,202211040NOP
2022-11-4,New York,Philadelphia,106,104,202211040PHI
2022-11-4,Portland,Phoenix,108,106,202211040PHO
2022-11-4,LA Clippers,San Antonio,113,106,202211040SAS
2022-11-4,Brooklyn,Washington,128,86,202211040WAS
2022-11-5,Atlanta,New Orleans,124,121,202211050ATL
2022-11-5,Brooklyn,Charlotte,98,94,202211050CHO
2022-11-5,Denver,San Antonio,126,101,202211050DEN
2022-11-5,Milwaukee,Oklahoma City,108,94,202211050MIL
2022-11-5,Minnesota,Houston,129,117,202211050MIN
2022-11-5,Boston,New York,133,118,202211050NYK
2022-11-5,Sacramento,Orlando,126,123,202211050ORL
2022-11-5,Phoenix,Portland,102,82,202211050PHO
2022-11-6,Utah,LA Clippers,110,102,202211060LAC
2022-11-6,Cleveland,LA Lakers,114,100,202211060LAL
2022-11-6,Memphis,Washington,103,97,202211060MEM
2022-11-6,Toronto,Chicago,113,104,202211060TOR
2022-11-7,Atlanta,Milwaukee,117,98,202211070ATL
2022-11-7,Chicago,Toronto,111,97,202211070CHI
2022-11-7,Washington,Charlotte,108,100,202211070CHO
2022-11-7,Dallas,Brooklyn,96,94,202211070DAL
2022-11-7,Detroit,Oklahoma City,112,103,202211070DET
2022-11-7,Golden State,Sacramento,116,113,202211070GSW
2022-11-7,Indiana,New Orleans,129,122,202211070IND
2022-11-7,LA Clippers,Cleveland,119,117,202211070LAC
2022-11-7,Boston,Memphis,109,106,202211070MEM
2022-11-7,Portland,Miami,110,107,202211070MIA
2022-11-7,New York,Minnesota,120,107,202211070MIN
2022-11-7,Houston,Orlando,134,127,202211070ORL
2022-11-7,Philadelphia,Phoenix,100,88,202211070PHI
2022-11-7,Denver,San Antonio,115,109,202211070SAS
2022-11-7,Utah,LA Lakers,139,116,202211070UTA
2022-11-9,Utah,Atlanta,125,119,202211090ATL
2022-11-9,Boston,Detroit,128,112,202211090BOS
2022-11-9,Brooklyn,New York,112,85,202211090BRK
2022-11-9,New Orleans,Chicago,115,111,202211090CHI
2022-11-9,Portland,Charlotte,105,95,202211090CHO
2022-11-9,Denver,Indiana,122,119,202211090IND
2022-11-9,LA Clippers,LA Lakers,114,101,202211090LAC
2022-11-9,Phoenix,Minnesota,129,117,202211090MIN
2022-11-9,Milwaukee,Oklahoma City,136,132,202211090OKC
2022-11-9,Orlando,Dallas,94,87,202211090ORL
2022-11-9,Sacramento,Cleveland,127,120,202211090SAC
2022-11-9,Memphis,San Antonio,124,122,202211090SAS
2022-11-9,Toronto,Houston,116,109,202211090TOR
2022-11-10,Atlanta,Philadelphia,104,95,202211100ATL
2022-11-10,Miami,Charlotte,117,112,202211100MIA
2022-11-10,Portland,New Orleans,106,95,202211100NOP
2022-11-10,Washington,Dallas,113,105,202211100WAS
2022-11-11,Boston,Denver,131,112,202211110BOS
2022-11-12,Dallas,Portland,117,112,202211120DAL
2022-11-12,Boston,Detroit,117,108,202211120DET
2022-11-12,Indiana,Toronto,118,104,202211120IND
2022-11-12,Brooklyn,LA Clippers,110,95,202211120LAC
2022-11-12,Miami,Charlotte,132,115,202211120MIA
2022-11-12,New Orleans,Houston,119,106,202211120NOP
2022-11-12,Philadelphia,Atlanta,121,109,202211120PHI
2022-11-12,Washington,Utah,121,112,202211120WAS
2022-11-13,Denver,Chicago,126,103,202211130CHI
2022-11-13,Minnesota,Cleveland,129,124,202211130CLE
2022-11-13,LA Lakers,Brooklyn,116,103,202211130LAL
2022-11-13,Oklahoma City,New York,145,135,202211130NYK
2022-11-13,Philadelphia,Utah,105,98,202211130PHI
2022-11-13,Sacramento,Golden State,122,115,202211130SAC
2022-11-13,Washington,Memphis,102,92,202211130WAS
2022-11-14,Boston,Oklahoma City,126,122,202211140BOS
2022-11-14,Toronto,Detroit,115,111,202211140DET
2022-11-14,Golden State,San Antonio,132,95,202211140GSW
2022-11-14,LA Clippers,Houston,122,106,202211140HOU
2022-11-14,Miami,Phoenix,113,112,202211140MIA
2022-11-14,Atlanta,Milwaukee,121,106,202211140MIL
2022-11-14,Charlotte,Orlando,112,105,202211140ORL
2022-11-15,Dallas,LA Clippers,103,101,202211150DAL
2022-11-15,New Orleans,Memphis,113,102,202211150NOP
2022-11-15,Portland,San Antonio,117,110,202211150POR
2022-11-15,Sacramento,Brooklyn,153,121,202211150SAC
2022-11-15,New York,Utah,118,111,202211150UTA
2022-11-16,Boston,Atlanta,126,101,202211160ATL
2022-11-16,Indiana,Charlotte,125,113,202211160CHO
2022-11-16,Houston,Dallas,101,92,202211160DAL
2022-11-16,New York,Denver,106,103,202211160DEN
2022-11-16,Milwaukee,Cleveland,113,98,202211160MIL
2022-11-16,New Orleans,Chicago,124,110,202211160NOP
2022-11-16,Minnesota,Orlando,126,108,202211160ORL
2022-11-16,Phoenix,Golden State,130,119,202211160PHO
2022-11-16,Toronto,Miami,112,104,202211160TOR
2022-11-16,Oklahoma City,Washington,121,120,202211160WAS
2022-11-17,LA Clippers,Detroit,96,91,202211170LAC
2022-11-17,Brooklyn,Portland,109,107,202211170POR
2022-11-17,Sacramento,San Antonio,130,112,202211170SAC
2022-11-18,Orlando,Chicago,108,107,202211180CHI
2022-11-18,Cleveland,Charlotte,132,122,202211180CLE
2022-11-18,Dallas,Denver,127,99,202211180DAL
2022-11-18,Golden State,New York,111,101,202211180GSW
2022-11-18,Indiana,Houston,99,91,202211180HOU
2022-11-18,LA Lakers,Detroit,128,121,202211180LAL
2022-11-18,Memphis,Oklahoma City,121,110,202211180MEM
2022-11-18,Boston,New Orleans,117,109,202211180NOP
2022-11-18,Philadelphia,Milwaukee,110,102,202211180PHI
2022-11-18,Utah,Phoenix,134,133,202211180UTA
2022-11-18,Washington,Miami,107,106,202211180WAS
2022-11-19,Atlanta,Toronto,124,122,202211190ATL
2022-11-19,Indiana,Orlando,114,113,202211190IND
2022-11-19,LA Clippers,San Antonio,119,97,202211190LAC
2022-11-19,Minnesota,Philadelphia,112,109,202211190PHI
2022-11-19,Utah,Portland,118,113,202211190POR
2022-11-20,Brooklyn,Memphis,127,115,202211200BRK
2022-11-20,Cleveland,Miami,113,87,202211200CLE
2022-11-20,Denver,Dallas,98,97,202211200DAL
2022-11-20,Golden State,Houston,127,120,202211200HOU
2022-11-20,LA Lakers,San Antonio,123,92,202211200LAL
2022-11-20,Phoenix,New York,116,95,202211200PHO
2022-11-20,Sacramento,Detroit,137,129,202211200SAC
2022-11-20,Washington,Charlotte,106,102,202211200WAS
2022-11-21,Chicago,Boston,121,107,202211210CHI
2022-11-21,Cleveland,Atlanta,114,102,202211210CLE
2022-11-21,Indiana,Orlando,123,102,202211210IND
2022-11-21,LA Clippers,Utah,121,114,202211210LAC
2022-11-21,Milwaukee,Portland,119,111,202211210MIL
2022-11-21,Minnesota,Miami,105,101,202211210MIN
2022-11-21,New Orleans,Golden State,128,83,202211210NOP
2022-11-21,New York,Oklahoma City,129,119,202211210OKC
2022-11-22,Detroit,Denver,110,108,202211220DEN
2022-11-22,Sacramento,Memphis,113,109,202211220MEM
2022-11-22,Philadelphia,Brooklyn,115,106,202211220PHI
2022-11-22,Phoenix,LA Lakers,115,105,202211220PHO
2022-11-23,Atlanta,Sacramento,115,106,202211230ATL
2022-11-23,Boston,Dallas,125,112,202211230BOS
2022-11-23,Charlotte,Philadelphia,107,101,202211230CHO
2022-11-23,Cleveland,Portland,114,96,202211230CLE
2022-11-23,Golden State,LA Clippers,124,107,202211230GSW
2022-11-23,Minnesota,Indiana,115,101,202211230IND
2022-11-23,Miami,Washington,113,105,202211230MIA
2022-11-23,Chicago,Milwaukee,118,113,202211230MIL
2022-11-23,Denver,Oklahoma City,131,126,202211230OKC
2022-11-23,New Orleans,San Antonio,129,110,202211230SAS
2022-11-23,Brooklyn,Toronto,112,98,202211230TOR
2022-11-23,Detroit,Utah,125,116,202211230UTA
2022-11-25,Boston,Sacramento,122,104,202211250BOS
2022-11-25,Charlotte,Minnesota,110,108,202211250CHO
2022-11-25,Golden State,Utah,129,118,202211250GSW
2022-11-25,Houston,Atlanta,128,122,202211250HOU
2022-11-25,Indiana,Brooklyn,128,117,202211250IND
2022-11-25,Denver,LA Clippers,114,104,202211250LAC
2022-11-25,Memphis,New Orleans,132,111,202211250MEM
2022-11-25,Miami,Washington,110,107,202211250MIA
2022-11-25,Milwaukee,Cleveland,117,102,202211250MIL
2022-11-25,Portland,New York,132,129,202211250NYK
2022-11-25,Oklahoma City,Chicago,123,119,202211250OKC
2022-11-25,Philadelphia,Orlando,107,99,202211250ORL
2022-11-25,Phoenix,Detroit,108,102,202211250PHO
2022-11-25,LA Lakers,San Antonio,105,94,202211250SAS
2022-11-26,Houston,Oklahoma City,118,105,202211260HOU
2022-11-26,Phoenix,Utah,113,112,202211260PHO
2022-11-26,LA Lakers,San Antonio,143,138,202211260SAS
2022-11-26,Toronto,Dallas,105,100,202211260TOR
2022-11-27,Miami,Atlanta,106,98,202211270ATL
2022-11-27,Boston,Washington,130,121,202211270BOS
2022-11-27,Brooklyn,Portland,111,97,202211270BRK
2022-11-27,Cleveland,Detroit,102,94,202211270DET
2022-11-27,LA Clippers,Indiana,114,100,202211270LAC
2022-11-27,Milwaukee,Dallas,124,115,202211270MIL
2022-11-27,Golden State,Minnesota,137,114,202211270MIN
2022-11-27,Memphis,New York,127,123,202211270NYK
2022-11-27,Philadelphia,Orlando,133,103,202211270ORL
2022-11-28,Boston,Charlotte,140,105,202211280BOS
2022-11-28,Brooklyn,Orlando,109,102,202211280BRK
2022-11-28,Denver,Houston,129,113,202211280DEN
2022-11-28,Indiana,LA Lakers,116,115,202211280LAL
2022-11-28,New Orleans,Oklahoma City,105,101,202211280NOP
2022-11-28,Philadelphia,Atlanta,104,101,202211280PHI
2022-11-28,Phoenix,Sacramento,122,117,202211280SAC
2022-11-28,Toronto,Cleveland,100,88,202211280TOR
2022-11-28,Chicago,Utah,114,107,202211280UTA
2022-11-28,Washington,Minnesota,142,127,202211280WAS
2022-11-29,Dallas,Golden State,116,113,202211290DAL
2022-11-29,New York,Detroit,140,110,202211290DET
2022-11-29,LA Clippers,Portland,118,112,202211290POR
2022-11-30,Boston,Miami,134,121,202211300BOS
2022-11-30,Brooklyn,Washington,113,107,202211300BRK
2022-11-30,Cleveland,Philadelphia,113,85,202211300CLE
2022-11-30,Denver,Houston,120,100,202211300DEN
2022-11-30,LA Lakers,Portland,128,109,202211300LAL
2022-11-30,Minnesota,Memphis,109,101,202211300MIN
2022-11-30,New Orleans,Toronto,126,108,202211300NOP
2022-11-30,Milwaukee,New York,109,103,202211300NYK
2022-11-30,Oklahoma City,San Antonio,119,111,202211300OKC
2022-11-30,Atlanta,Orlando,125,108,202211300ORL
2022-11-30,Phoenix,Chicago,132,113,202211300PHO
2022-11-30,Sacramento,Indiana,137,114,202211300SAC
2022-11-30,Utah,LA Clippers,125,112,202211300UTA
2022-12-1,Detroit,Dallas,131,125,202212010DET
2022-12-2,Atlanta,Denver,117,109,202212020ATL
2022-12-2,Miami,Boston,120,116,202212020BOS
2022-12-2,Brooklyn,Toronto,114,105,202212020BRK
2022-12-2,Charlotte,Washington,117,116,202212020CHO
2022-12-2,Cleveland,Orlando,107,96,202212020CLE
2022-12-2,Golden State,Chicago,119,111,202212020GSW
2022-12-2,Memphis,Philadelphia,117,109,202212020MEM
2022-12-2,LA Lakers,Milwaukee,133,129,202212020MIL
2022-12-2,Houston,Phoenix,122,121,202212020PHO
2022-12-2,New Orleans,San Antonio,117,99,202212020SAS
2022-12-2,Utah,Indiana,139,119,202212020UTA
2022-12-03,Milwaukee,Charlotte,105,96,202212030CHO
2022-12-03,Golden State,Houston,120,101,202212030GSW
2022-12-03,Sacramento,LA Clippers,123,96,202212030LAC
2022-12-03,Oklahoma City,Minnesota,135,128,202212030MIN
2022-12-03,Dallas,New York,121,100,202212030NYK
2022-12-03,Toronto,Orlando,121,108,202212030TOR
2022-12-03,Portland,Utah,116,111,202212030UTA
2022-12-04,Boston,Brooklyn,103,92,202212040BRK
2022-12-04,Memphis,Detroit,122,112,202212040DET
2022-12-04,New Orleans,Denver,121,106,202212040NOP
2022-12-04,New York,Cleveland,92,81,202212040NYK
2022-12-04,Portland,Indiana,116,100,202212040POR
2022-12-04,Sacramento,Chicago,110,101,202212040SAC
2022-12-04,Phoenix,San Antonio,133,95,202212040SAS
2022-12-04,LA Lakers,Washington,130,119,202212040WAS
2022-12-5,Oklahoma City,Atlanta,121,114,202212050ATL
2022-12-5,LA Clippers,Charlotte,119,117,202212050CHO
2022-12-5,Dallas,Phoenix,130,111,202212050DAL
2022-12-5,Indiana,Golden State,112,104,202212050GSW
2022-12-5,Houston,Philadelphia,132,123,202212050HOU
2022-12-5,Memphis,Miami,101,93,202212050MEM
2022-12-5,Milwaukee,Orlando,109,102,202212050ORL
2022-12-5,Boston,Toronto,116,110,202212050TOR
2022-12-6,Cleveland,LA Lakers,116,102,202212060CLE
2022-12-6,Dallas,Denver,116,115,202212060DEN
2022-12-6,Detroit,Miami,116,96,202212060MIA
2022-12-7,Brooklyn,Charlotte,122,116,202212070BRK
2022-12-7,Chicago,Washington,115,111,202212070CHI
2022-12-7,Memphis,Oklahoma City,123,102,202212070MEM
2022-12-7,Milwaukee,Sacramento,126,113,202212070MIL
2022-12-7,Minnesota,Indiana,121,115,202212070MIN
2022-12-7,New Orleans,Detroit,104,98,202212070NOP
2022-12-7,New York,Atlanta,113,89,202212070NYK
2022-12-7,Orlando,LA Clippers,116,111,202212070ORL
2022-12-7,Boston,Phoenix,125,98,202212070PHO
2022-12-7,Toronto,LA Lakers,126,113,202212070TOR
2022-12-7,Utah,Golden State,124,123,202212070UTA
2022-12-8,Miami,LA Clippers,115,110,202212080MIA
2022-12-8,Denver,Portland,121,120,202212080POR
2022-12-8,San Antonio,Houston,118,109,202212080SAS
2022-12-09,Brooklyn,Atlanta,120,116,202212090BRK
2022-12-09,New York,Charlotte,121,102,202212090CHO
2022-12-09,Sacramento,Cleveland,106,95,202212090CLE
2022-12-09,Milwaukee,Dallas,106,105,202212090DAL
2022-12-09,Indiana,Washington,121,111,202212090IND
2022-12-09,Memphis,Detroit,114,103,202212090MEM
2022-12-09,New Orleans,Phoenix,128,117,202212090NOP
2022-12-09,Orlando,Toronto,113,109,202212090ORL
2022-12-09,Philadelphia,LA Lakers,133,122,202212090PHI
2022-12-09,Minnesota,Utah,118,108,202212090UTA
2022-12-10,Chicago,Dallas,144,115,202212100CHI
2022-12-10,Cleveland,Oklahoma City,110,102,202212100CLE
2022-12-10,Denver,Utah,115,110,202212100DEN
2022-12-10,Golden State,Boston,123,107,202212100GSW
2022-12-10,Brooklyn,Indiana,136,133,202212100IND
2022-12-10,San Antonio,Miami,115,111,202212100MIA
2022-12-10,Portland,Minnesota,124,118,202212100POR
2022-12-10,LA Clippers,Washington,114,107,202212100WAS
2022-12-11,Atlanta,Chicago,123,122,202212110ATL
2022-12-11,LA Lakers,Detroit,124,117,202212110DET
2022-12-11,Houston,Milwaukee,97,92,202212110HOU
2022-12-11,New Orleans,Phoenix,129,124,202212110NOP
2022-12-11,New York,Sacramento,112,99,202212110NYK
2022-12-11,Orlando,Toronto,111,99,202212110ORL
2022-12-11,Philadelphia,Charlotte,131,113,202212110PHI
2022-12-12,Dallas,Oklahoma City,121,114,202212120DAL
2022-12-12,Miami,Indiana,87,82,202212120IND
2022-12-12,LA Clippers,Boston,113,93,202212120LAC
2022-12-12,Memphis,Atlanta,128,103,202212120MEM
2022-12-12,Portland,Minnesota,133,112,202212120POR
2022-12-12,San Antonio,Cleveland,112,111,202212120SAS
2022-12-12,Brooklyn,Washington,112,100,202212120WAS
2022-12-13,Houston,Phoenix,111,97,202212130HOU
2022-12-13,Boston,LA Lakers,122,118,202212130LAL
2022-12-13,Milwaukee,Golden State,128,111,202212130MIL
2022-12-13,Philadelphia,Sacramento,123,103,202212130PHI
2022-12-13,Utah,New Orleans,121,100,202212130UTA
2022-12-14,New York,Chicago,128,120,202212140CHI
2022-12-14,Detroit,Charlotte,141,134,202212140CHO
2022-12-14,Cleveland,Dallas,105,90,202212140DAL
2022-12-14,Denver,Washington,141,128,202212140DEN
2022-12-14,Indiana,Golden State,125,119,202212140IND
2022-12-14,LA Clippers,Minnesota,99,88,202212140LAC
2022-12-14,Miami,Oklahoma City,110,108,202212140OKC
2022-12-14,Orlando,Atlanta,135,124,202212140ORL
2022-12-14,Portland,San Antonio,128,112,202212140SAS
2022-12-14,Sacramento,Toronto,124,123,202212140TOR
2022-12-15,Miami,Houston,111,108,202212150HOU
2022-12-15,Phoenix,LA Clippers,111,95,202212150LAC
2022-12-15,Memphis,Milwaukee,142,101,202212150MEM
2022-12-15,Utah,New Orleans,132,129,202212150UTA
2022-12-16,Orlando,Boston,117,109,202212160BOS
2022-12-16,New York,Chicago,114,91,202212160CHI
2022-12-16,Atlanta,Charlotte,125,106,202212160CHO
2022-12-16,Cleveland,Indiana,118,112,202212160CLE
2022-12-16,Dallas,Portland,130,110,202212160DAL
2022-12-16,Sacramento,Detroit,122,113,202212160DET
2022-12-16,LA Lakers,Denver,126,108,202212160LAL
2022-12-16,Minnesota,Oklahoma City,112,110,202212160OKC
2022-12-16,Philadelphia,Golden State,118,106,202212160PHI
2022-12-16,Brooklyn,Toronto,119,116,202212160TOR
2022-12-17,Cleveland,Dallas,100,99,202212170CLE
2022-12-17,Portland,Houston,107,95,202212170HOU
2022-12-17,LA Clippers,Washington,102,93,202212170LAC
2022-12-17,Milwaukee,Utah,123,97,202212170MIL
2022-12-17,Oklahoma City,Memphis,115,109,202212170OKC
2022-12-17,Phoenix,New Orleans,118,114,202212170PHO
2022-12-17,Miami,San Antonio,111,101,202212170SAS
2022-12-18,Orlando,Boston,95,92,202212180BOS
2022-12-18,Denver,Charlotte,119,115,202212180DEN
2022-12-18,Brooklyn,Detroit,124,121,202212180DET
2022-12-18,New York,Indiana,109,106,202212180IND
2022-12-18,LA Lakers,Washington,119,117,202212180LAL
2022-12-18,Minnesota,Chicago,150,126,202212180MIN
2022-12-18,Golden State,Toronto,126,110,202212180TOR
2022-12-19,Atlanta,Orlando,126,125,202212190ATL
2022-12-19,Cleveland,Utah,122,99,202212190CLE
2022-12-19,San Antonio,Houston,124,105,202212190HOU
2022-12-19,Minnesota,Dallas,116,106,202212190MIN
2022-12-19,Milwaukee,New Orleans,128,119,202212190NOP
2022-12-19,Oklahoma City,Portland,123,121,202212190OKC
2022-12-19,Philadelphia,Toronto,104,101,202212190PHI
2022-12-19,Phoenix,LA Lakers,130,104,202212190PHO
2022-12-19,Charlotte,Sacramento,125,119,202212190SAC
2022-12-20,Denver,Memphis,105,91,202212200DEN
2022-12-20,Utah,Detroit,126,111,202212200DET
2022-12-20,Chicago,Miami,113,103,202212200MIA
2022-12-20,New York,Golden State,132,94,202212200NYK
2022-12-20,Washington,Phoenix,113,110,202212200PHO
2022-12-21,Chicago,Atlanta,110,108,202212210ATL
2022-12-21,Indiana,Boston,117,112,202212210BOS
2022-12-21,Brooklyn,Golden State,143,113,202212210BRK
2022-12-21,Cleveland,Milwaukee,114,106,202212210CLE
2022-12-21,Orlando,Houston,116,110,202212210HOU
2022-12-21,LA Clippers,Charlotte,126,105,202212210LAC
2022-12-21,Dallas,Minnesota,104,99,202212210MIN
2022-12-21,Toronto,New York,113,106,202212210NYK
2022-12-21,Oklahoma City,Portland,101,98,202212210OKC
2022-12-21,Philadelphia,Detroit,113,93,202212210PHI
2022-12-21,Sacramento,LA Lakers,134,120,202212210SAC
2022-12-22,New Orleans,San Antonio,126,117,202212220NOP
2022-12-22,Utah,Washington,120,112,202212220UTA
2022-12-23,Atlanta,Detroit,130,105,202212230ATL
2022-12-23,Boston,Minnesota,121,109,202212230BOS
2022-12-23,Brooklyn,Milwaukee,118,100,202212230BRK
2022-12-23,Toronto,Cleveland,118,107,202212230CLE
2022-12-23,Denver,Portland,120,107,202212230DEN
2022-12-23,Dallas,Houston,112,106,202212230HOU
2022-12-23,Charlotte,LA Lakers,134,130,202212230LAL
2022-12-23,Indiana,Miami,111,108,202212230MIA
2022-12-23,Chicago,New York,118,117,202212230NYK
2022-12-23,New Orleans,Oklahoma City,128,125,202212230OKC
2022-12-23,Orlando,San Antonio,133,113,202212230ORL
2022-12-23,Philadelphia,LA Clippers,119,114,202212230PHI
2022-12-23,Memphis,Phoenix,125,100,202212230PHO
2022-12-23,Washington,Sacramento,125,111,202212230SAC
2022-12-25,Boston,Milwaukee,139,118,202212250BOS
2022-12-25,Dallas,LA Lakers,124,115,202212250DAL
2022-12-25,Denver,Phoenix,128,125,202212250DEN
2022-12-25,Golden State,Memphis,123,109,202212250GSW
2022-12-25,Philadelphia,New York,119,112,202212250NYK
2022-12-26,Houston,Chicago,133,118,202212260CHI
2022-12-26,Brooklyn,Cleveland,125,117,202212260CLE
2022-12-26,LA Clippers,Detroit,142,131,202212260DET
2022-12-26,Miami,Minnesota,113,110,202212260MIA
2022-12-26,New Orleans,Indiana,113,93,202212260NOP
2022-12-26,Portland,Charlotte,124,113,202212260POR
2022-12-26,San Antonio,Utah,126,122,202212260SAS
2022-12-27,Boston,Houston,126,102,202212270BOS
2022-12-27,Dallas,New York,126,121,202212270DAL
2022-12-27,Golden State,Charlotte,110,105,202212270GSW
2022-12-27,Indiana,Atlanta,129,114,202212270IND
2022-12-27,Phoenix,Memphis,125,108,202212270MEM
2022-12-27,Oklahoma City,San Antonio,130,114,202212270OKC
2022-12-27,LA Lakers,Orlando,129,110,202212270ORL
2022-12-27,Denver,Sacramento,113,106,202212270SAC
2022-12-27,LA Clippers,Toronto,124,113,202212270TOR
2022-12-27,Washington,Philadelphia,116,111,202212270WAS
2022-12-28,Brooklyn,Atlanta,108,107,202212280ATL
2022-12-28,Chicago,Milwaukee,119,113,202212280CHI
2022-12-28,Detroit,Orlando,121,101,202212280DET
2022-12-28,Golden State,Utah,112,107,202212280GSW
2022-12-28,Miami,LA Lakers,112,98,202212280MIA
2022-12-28,New Orleans,Minnesota,119,118,202212280NOP
2022-12-28,Sacramento,Denver,127,126,202212280SAC
2022-12-28,Washington,Phoenix,127,102,202212280WAS
2022-12-29,Boston,LA Clippers,116,110,202212290BOS
2022-12-29,Charlotte,Oklahoma City,121,113,202212290CHO
2022-12-29,Dallas,Houston,129,114,202212290DAL
2022-12-29,Indiana,Cleveland,135,126,202212290IND
2022-12-29,San Antonio,New York,122,115,202212290SAS
2022-12-29,Memphis,Toronto,119,106,202212290TOR
2022-12-30,LA Lakers,Atlanta,130,121,202212300ATL
2022-12-30,Chicago,Detroit,132,118,202212300CHI
2022-12-30,Denver,Miami,124,119,202212300DEN
2022-12-30,Golden State,Portland,118,112,202212300GSW
2022-12-30,Milwaukee,Minnesota,123,114,202212300MIL
2022-12-30,New Orleans,Philadelphia,127,116,202212300NOP
2022-12-30,Washington,Orlando,119,100,202212300ORL
2022-12-30,Sacramento,Utah,126,125,202212300SAC
2022-12-30,Toronto,Phoenix,113,104,202212300TOR
2022-12-31,Cleveland,Chicago,103,102,202212310CHI
2022-12-31,Brooklyn,Charlotte,123,106,202212310CHO
2022-12-31,New York,Houston,108,88,202212310HOU
2022-12-31,Indiana,LA Clippers,131,130,202212310IND
2022-12-31,Memphis,New Orleans,116,101,202212310MEM
2022-12-31,Detroit,Minnesota,116,104,202212310MIN
2022-12-31,Philadelphia,Oklahoma City,115,96,202212310OKC
2022-12-31,Dallas,San Antonio,126,125,202212310SAS
2022-12-31,Miami,Utah,126,123,202212310UTA
2023-1-1,Denver,Boston,123,111,202301010DEN
2023-1-1,Memphis,Sacramento,118,108,202301010MEM
2023-1-1,Washington,Milwaukee,118,95,202301010MIL
2023-1-2,Brooklyn,San Antonio,139,103,202301020BRK
2023-1-2,LA Lakers,Charlotte,121,115,202301020CHO
2023-1-2,Cleveland,Chicago,145,134,202301020CLE
2023-1-2,Golden State,Atlanta,143,141,202301020GSW
2023-1-2,Dallas,Houston,111,106,202301020HOU
2023-1-2,Indiana,Toronto,122,114,202301020IND
2023-1-2,Miami,LA Clippers,110,100,202301020LAC
2023-1-2,Minnesota,Denver,124,111,202301020MIN
2023-1-2,New York,Phoenix,102,83,202301020NYK
2023-1-2,Philadelphia,New Orleans,120,111,202301020PHI
2023-1-2,Portland,Detroit,135,106,202301020POR
2023-1-3,Milwaukee,Washington,123,113,202301030MIL
2023-1-3,Oklahoma City,Boston,150,117,202301030OKC
2023-1-3,Sacramento,Utah,117,115,202301030UTA
2023-1-4,Chicago,Brooklyn,121,112,202301040CHI
2023-1-4,Memphis,Charlotte,131,107,202301040CHO
2023-1-4,Cleveland,Phoenix,90,88,202301040CLE
2023-1-4,Detroit,Golden State,122,119,202301040GSW
2023-1-4,LA Lakers,Miami,112,109,202301040LAL
2023-1-4,Minnesota,Portland,113,106,202301040MIN
2023-1-4,New Orleans,Houston,119,108,202301040NOP
2023-1-4,New York,San Antonio,117,114,202301040NYK
2023-1-4,Orlando,Oklahoma City,126,115,202301040ORL
2023-1-4,Philadelphia,Indiana,129,126,202301040PHI
2023-1-4,Atlanta,Sacramento,120,117,202301040SAC
2023-1-4,Milwaukee,Toronto,104,101,202301040TOR
2023-1-5,Boston,Dallas,124,95,202301050DAL
2023-1-5,Denver,LA Clippers,122,91,202301050DEN
2023-1-5,Utah,Houston,131,114,202301050HOU
2023-1-5,Memphis,Orlando,123,115,202301050ORL
2023-1-6,Denver,Cleveland,121,108,202301060DEN
2023-1-6,Indiana,Portland,108,99,202301060IND
2023-1-6,LA Lakers,Atlanta,130,114,202301060LAL
2023-1-6,Charlotte,Milwaukee,138,109,202301060MIL
2023-1-6,Minnesota,LA Clippers,128,115,202301060MIN
2023-1-6,Brooklyn,New Orleans,108,102,202301060NOP
2023-1-6,Oklahoma City,Washington,127,110,202301060OKC
2023-1-6,Chicago,Philadelphia,126,112,202301060PHI
2023-1-6,Miami,Phoenix,104,96,202301060PHO
2023-1-6,San Antonio,Detroit,121,109,202301060SAS
2023-1-6,New York,Toronto,112,108,202301060TOR
2023-1-7,Chicago,Utah,126,118,202301070CHI
2023-1-7,Dallas,New Orleans,127,117,202301070DAL
2023-1-7,Orlando,Golden State,115,101,202301070GSW
2023-1-7,LA Lakers,Sacramento,136,134,202301070SAC
2023-1-7,Boston,San Antonio,121,116,202301070SAS
2023-1-8,Philadelphia,Detroit,123,111,202301080DET
2023-1-8,Minnesota,Houston,104,96,202301080HOU
2023-1-8,Indiana,Charlotte,116,111,202301080IND
2023-1-8,Atlanta,LA Clippers,112,108,202301080LAC
2023-1-8,Memphis,Utah,123,118,202301080MEM
2023-1-8,Brooklyn,Miami,102,101,202301080MIA
2023-1-8,Oklahoma City,Dallas,120,109,202301080OKC
2023-1-8,Cleveland,Phoenix,112,98,202301080PHO
2023-1-8,Toronto,Portland,117,105,202301080TOR
2023-1-9,Boston,Chicago,107,99,202301090BOS
2023-1-9,Denver,LA Lakers,122,109,202301090DEN
2023-1-9,Memphis,San Antonio,121,113,202301090MEM
2023-1-9,Milwaukee,New York,111,107,202301090NYK
2023-1-9,Sacramento,Orlando,136,111,202301090SAC
2023-1-9,New Orleans,Washington,132,112,202301090WAS
2023-1-10,Phoenix,Golden State,125,113,202301100GSW
2023-1-10,LA Clippers,Dallas,113,101,202301100LAC
2023-1-10,Miami,Oklahoma City,112,111,202301100MIA
2023-1-10,Philadelphia,Detroit,147,116,202301100PHI
2023-1-10,Orlando,Portland,109,106,202301100POR
2023-1-10,Toronto,Charlotte,132,120,202301100TOR
2023-1-10,Utah,Cleveland,116,114,202301100UTA
2023-1-11,Milwaukee,Atlanta,114,105,202301110ATL
2023-1-11,Boston,New Orleans,125,114,202301110BOS
2023-1-11,Denver,Phoenix,126,97,202301110DEN
2023-1-11,Detroit,Minnesota,135,118,202301110DET
2023-1-11,Memphis,San Antonio,135,129,202301110MEM
2023-1-11,New York,Indiana,119,113,202301110NYK
2023-1-11,Sacramento,Houston,135,115,202301110SAC
2023-1-11,Washington,Chicago,100,97,202301110WAS
2023-1-12,Boston,Brooklyn,109,98,202301120BRK
2023-1-12,Dallas,LA Lakers,119,115,202301120LAL
2023-1-12,Miami,Milwaukee,108,102,202301120MIA
2023-1-12,Oklahoma City,Philadelphia,133,114,202301120PHI
2023-1-12,Cleveland,Portland,119,113,202301120POR
2023-1-12,Toronto,Charlotte,124,114,202301120TOR
2023-1-13,Oklahoma City,Chicago,124,110,202301130CHI
2023-1-13,New Orleans,Detroit,116,110,202301130DET
2023-1-13,Atlanta,Indiana,113,111,202301130IND
2023-1-13,Denver,LA Clippers,115,103,202301130LAC
2023-1-13,Minnesota,Phoenix,121,116,202301130MIN
2023-1-13,Sacramento,Houston,139,114,202301130SAC
2023-1-13,Golden State,San Antonio,144,113,202301130SAS
2023-1-13,Utah,Orlando,112,108,202301130UTA
2023-1-13,New York,Washington,112,108,202301130WAS
2023-1-14,Boston,Charlotte,122,106,202301140CHO
2023-1-14,Memphis,Indiana,130,112,202301140IND
2023-1-14,Miami,Milwaukee,111,95,202301140MIA
2023-1-14,Minnesota,Cleveland,110,102,202301140MIN
2023-1-14,Portland,Dallas,136,119,202301140POR
2023-1-14,Atlanta,Toronto,114,103,202301140TOR
2023-1-14,Philadelphia,Utah,118,117,202301140UTA
2023-1-15,Oklahoma City,Brooklyn,112,102,202301150BRK
2023-1-15,Chicago,Golden State,132,118,202301150CHI
2023-1-15,Denver,Orlando,119,116,202301150DEN
2023-1-15,New York,Detroit,117,104,202301150DET
2023-1-15,LA Clippers,Houston,121,100,202301150LAC
2023-1-15,Philadelphia,LA Lakers,113,112,202301150LAL
2023-1-15,Portland,Dallas,140,123,202301150POR
2023-1-15,Sacramento,San Antonio,132,119,202301150SAS
2023-1-16,Atlanta,Miami,121,113,202301160ATL
2023-1-16,Boston,Charlotte,130,118,202301160CHO
2023-1-16,Cleveland,New Orleans,113,103,202301160CLE
2023-1-16,LA Lakers,Houston,140,132,202301160LAL
2023-1-16,Memphis,Phoenix,136,106,202301160MEM
2023-1-16,Milwaukee,Indiana,132,119,202301160MIL
2023-1-16,Utah,Minnesota,126,125,202301160MIN
2023-1-16,Toronto,New York,123,121,202301160NYK
2023-1-16,Golden State,Washington,127,118,202301160WAS
2023-01-17,Denver,Portland,122,113,202301170DEN
2023-01-17,Philadelphia,LA Clippers,120,110,202301170LAC
2023-01-17,Milwaukee,Toronto,130,122,202301170MIL
2023-01-17,San Antonio,Brooklyn,106,98,202301170SAS
2023-1-18,Atlanta,Dallas,130,122,202301180DAL
2023-1-18,Denver,Minnesota,122,118,202301180DEN
2023-01-18,Charlotte,Houston,122,117,202301180HOU
2023-01-18,Sacramento,LA Lakers,116,111,202301180LAL
2023-01-18,Memphis,Cleveland,115,114,202301180MEM
2023-01-18,Miami,New Orleans,124,98,202301180NOP
2023-01-18,Washington,New York,116,105,202301180NYK
2023-01-18,Oklahoma City,Indiana,126,106,202301180OKC
2023-01-18,Utah,LA Clippers,126,103,202301180UTA
2023-1-19,Boston,Golden State,121,118,202301190BOS
2023-1-19,Chicago,Detroit,126,108,202301190DET
2023-1-19,Minnesota,Toronto,128,126,202301190MIN
2023-1-19,Phoenix,Brooklyn,117,112,202301190PHO
2023-1-19,Philadelphia,Portland,105,95,202301190POR
2023-1-20,Atlanta,New York,139,124,202301200ATL
2023-1-20,Golden State,Cleveland,120,114,202301200CLE
2023-1-20,Dallas,Miami,115,90,202301200DAL
2023-1-20,Denver,Indiana,134,111,202301200DEN
2023-1-20,LA Lakers,Memphis,122,121,202301200LAL
2023-1-20,Orlando,New Orleans,123,110,202301200ORL
2023-1-20,Sacramento,Oklahoma City,118,113,202301200SAC
2023-1-20,LA Clippers,San Antonio,131,126,202301200SAS
2023-1-20,Brooklyn,Utah,117,106,202301200UTA
2023-1-21,Charlotte,Atlanta,122,118,202301210ATL
2023-1-21,Cleveland,Milwaukee,114,102,202301210CLE
2023-1-21,Minnesota,Houston,113,104,202301210MIN
2023-1-21,Phoenix,Indiana,112,107,202301210PHO
2023-1-21,Philadelphia,Sacramento,129,127,202301210SAC
2023-1-21,Boston,Toronto,106,104,202301210TOR
2023-1-21,Washington,Orlando,138,118,202301210WAS
2023-1-22,LA Clippers,Dallas,112,98,202301220DAL
2023-1-22,Oklahoma City,Denver,101,99,202301220DEN
2023-1-22,Brooklyn,Golden State,120,116,202301220GSW
2023-1-22,Miami,New Orleans,100,96,202301220MIA
2023-1-22,Phoenix,Memphis,112,110,202301220PHO
2023-1-22,LA Lakers,Portland,121,112,202301220POR
2023-1-22,Toronto,New York,125,116,202301220TOR
2023-1-23,Chicago,Atlanta,111,100,202301230CHI
2023-1-23,Milwaukee,Detroit,150,130,202301230DET
2023-1-23,Houston,Minnesota,119,114,202301230HOU
2023-1-23,Orlando,Boston,113,98,202301230ORL
2023-1-23,Portland,San Antonio,147,127,202301230POR
2023-1-23,Sacramento,Memphis,133,100,202301230SAC
2023-1-23,Utah,Charlotte,120,102,202301230UTA
2023-1-24,Washington,Dallas,127,126,202301240DAL
2023-1-24,Indiana,Chicago,116,110,202301240IND
2023-1-24,LA Clippers,LA Lakers,133,115,202301240LAL
2023-1-24,Miami,Boston,98,95,202301240MIA
2023-1-24,Denver,New Orleans,99,98,202301240NOP
2023-1-24,New York,Cleveland,105,103,202301240NYK
2023-1-24,Phoenix,Charlotte,128,97,202301240PHO
2023-1-25,Golden State,Memphis,122,120,202301250GSW
2023-1-25,Washington,Houston,108,103,202301250HOU
2023-1-25,LA Lakers,San Antonio,113,104,202301250LAL
2023-1-25,Milwaukee,Denver,107,99,202301250MIL
2023-1-25,Minnesota,New Orleans,111,102,202301250NOP
2023-1-25,Atlanta,Oklahoma City,137,132,202301250OKC
2023-1-25,Orlando,Indiana,126,120,202301250ORL
2023-1-25,Philadelphia,Brooklyn,137,133,202301250PHI
2023-1-25,Portland,Utah,134,124,202301250POR
2023-1-25,Toronto,Sacramento,113,95,202301250SAC
2023-1-26,New York,Boston,120,117,202301260BOS
2023-1-26,Detroit,Brooklyn,130,122,202301260BRK
2023-1-26,Charlotte,Chicago,111,96,202301260CHO
2023-1-26,Cleveland,Houston,113,95,202301260HOU
2023-1-26,LA Clippers,San Antonio,138,100,202301260LAC
2023-1-26,Dallas,Phoenix,99,95,202301260PHO
2023-1-27,Golden State,Toronto,129,117,202301270GSW
2023-1-27,Milwaukee,Indiana,141,131,202301270IND
2023-1-27,Miami,Orlando,110,105,202301270MIA
2023-1-27,Minnesota,Memphis,111,100,202301270MIN
2023-1-27,Oklahoma City,Cleveland,112,100,202301270OKC
2023-1-28,LA Clippers,Atlanta,120,113,202301280ATL
2023-1-28,Boston,LA Lakers,125,121,202301280BOS
2023-1-28,Brooklyn,New York,122,115,202301280BRK
2023-1-28,Houston,Detroit,117,114,202301280DET
2023-1-28,Minnesota,Sacramento,117,110,202301280MIN
2023-1-28,Washington,New Orleans,113,103,202301280NOP
2023-1-28,Chicago,Orlando,128,109,202301280ORL
2023-1-28,Philadelphia,Denver,126,119,202301280PHI
2023-1-28,Toronto,Portland,123,105,202301280POR
2023-1-28,Phoenix,San Antonio,128,118,202301280SAS
2023-1-28,Utah,Dallas,108,100,202301280UTA
2023-1-29,Charlotte,Miami,122,117,202301290CHO
2023-1-29,Cleveland,LA Clippers,122,99,202301290CLE
2023-1-29,Memphis,Indiana,112,100,202301290MEM
2023-1-29,Milwaukee,New Orleans,135,110,202301290MIL
2023-1-30,Brooklyn,LA Lakers,121,104,202301300BRK
2023-1-30,Dallas,Detroit,111,105,202301300DAL
2023-1-30,Sacramento,Minnesota,118,111,202301300MIN
2023-1-30,Golden State,Oklahoma City,128,120,202301300OKC
2023-1-30,Orlando,Philadelphia,119,109,202301300PHI
2023-1-30,Phoenix,Toronto,114,106,202301300PHO
2023-1-30,Portland,Atlanta,129,125,202301300POR
2023-1-30,Washington,San Antonio,127,106,202301300SAS
2023-1-31,LA Clippers,Chicago,108,103,202301310CHI
2023-1-31,Miami,Cleveland,100,97,202301310CLE
2023-1-31,Denver,New Orleans,122,113,202301310DEN
2023-1-31,Milwaukee,Charlotte,124,115,202301310MIL
2023-1-31,LA Lakers,New York,129,123,202301310NYK
2023-2-1,Boston,Brooklyn,139,96,202302010BOS
2023-2-1,Houston,Oklahoma City,112,106,202302010HOU
2023-2-1,Portland,Memphis,122,112,202302010MEM
2023-2-1,Minnesota,Golden State,119,114,202302010MIN
2023-2-1,Philadelphia,Orlando,105,94,202302010PHI
2023-2-1,Atlanta,Phoenix,132,100,202302010PHO
2023-2-1,Sacramento,San Antonio,119,109,202302010SAS
2023-2-1,Utah,Toronto,131,128,202302010UTA
2023-2-2,Chicago,Charlotte,114,98,202302020CHI
2023-2-2,Cleveland,Memphis,128,113,202302020CLE
2023-2-2,Dallas,New Orleans,111,106,202302020DAL
2023-2-2,Denver,Golden State,134,117,202302020DEN
2023-2-2,LA Lakers,Indiana,112,111,202302020IND
2023-2-2,Milwaukee,LA Clippers,106,105,202302020MIL
2023-2-2,New York,Miami,106,104,202302020NYK
2023-2-3,Phoenix,Boston,106,94,202302030BOS
2023-2-3,Detroit,Charlotte,118,112,202302030DET
2023-2-3,Toronto,Houston,117,111,202302030HOU
2023-2-3,Indiana,Sacramento,107,104,202302030IND
2023-2-3,Orlando,Minnesota,127,120,202302030MIN
2023-2-3,Philadelphia,San Antonio,137,125,202302030SAS
2023-2-3,Atlanta,Utah,115,108,202302030UTA
2023-2-3,Portland,Washington,124,116,202302030WAS
2023-2-4,Brooklyn,Washington,125,123,202302040BRK
2023-2-4,Chicago,Portland,129,121,202302040CHI
2023-2-4,Denver,Atlanta,128,108,202302040DEN
2023-2-4,Phoenix,Detroit,116,100,202302040DET
2023-2-4,Golden State,Dallas,119,113,202302040GSW
2023-2-4,Milwaukee,Miami,123,115,202302040MIL
2023-2-4,New Orleans,LA Lakers,131,126,202302040NOP
2023-2-4,LA Clippers,New York,134,128,202302040NYK
2023-2-4,Oklahoma City,Houston,153,121,202302040OKC
2023-2-5,Orlando,Charlotte,119,113,202302050CHO
2023-2-5,Cleveland,Indiana,122,103,202302050IND
2023-2-5,Toronto,Memphis,106,103,202302050MEM
2023-2-5,Minnesota,Denver,128,98,202302050MIN
2023-2-5,New Orleans,Sacramento,136,104,202302050NOP
2023-2-5,New York,Philadelphia,108,97,202302050NYK
2023-2-6,LA Clippers,Brooklyn,124,116,202302060BRK
2023-2-6,Chicago,San Antonio,128,104,202302060CHI
2023-2-6,Boston,Detroit,111,99,202302060DET
2023-2-6,Golden State,Oklahoma City,141,114,202302060GSW
2023-2-6,Sacramento,Houston,140,120,202302060HOU
2023-2-6,Milwaukee,Portland,127,108,202302060POR
2023-2-6,Dallas,Utah,124,111,202302060UTA
2023-2-6,Cleveland,Washington,114,91,202302060WAS
2023-2-7,Phoenix,Brooklyn,116,112,202302070BRK
2023-2-7,Denver,Minnesota,146,112,202302070DEN
2023-2-7,Oklahoma City,LA Lakers,133,130,202302070LAL
2023-2-7,Memphis,Chicago,104,89,202302070MEM
2023-2-7,New Orleans,Atlanta,116,107,202302070NOP
2023-2-7,New York,Orlando,102,98,202302070ORL
2023-2-8,Boston,Philadelphia,106,99,202302080BOS
2023-2-8,Cleveland,Detroit,113,85,202302080CLE
2023-2-8,Sacramento,Houston,130,128,202302080HOU
2023-2-8,Dallas,LA Clippers,110,104,202302080LAC
2023-2-8,Miami,Indiana,116,111,202302080MIA
2023-2-8,Portland,Golden State,125,122,202302080POR
2023-2-8,Toronto,San Antonio,112,98,202302080TOR
2023-2-8,Minnesota,Utah,143,118,202302080UTA
2023-2-8,Washington,Charlotte,118,104,202302080WAS
2023-2-9,Atlanta,Phoenix,116,107,202302090ATL
2023-2-9,Brooklyn,Chicago,116,105,202302090BRK
2023-2-9,Milwaukee,LA Lakers,115,106,202302090LAL
2023-2-9,Orlando,Denver,115,104,202302090ORL
2023-2-10,Boston,Charlotte,127,116,202302100BOS
2023-2-10,Detroit,San Antonio,138,131,202302100DET
2023-2-10,Phoenix,Indiana,117,104,202302100IND
2023-2-10,Milwaukee,LA Clippers,119,106,202302100LAC
2023-2-10,Memphis,Minnesota,128,107,202302100MEM
2023-2-10,Miami,Houston,97,95,202302100MIA
2023-2-10,Cleveland,New Orleans,118,107,202302100NOP
2023-2-10,Philadelphia,New York,119,108,202302100PHI
2023-2-10,Oklahoma City,Portland,138,129,202302100POR
2023-2-10,Dallas,Sacramento,122,114,202302100SAC
2023-2-10,Utah,Toronto,122,116,202302100TOR
2023-2-11,Atlanta,San Antonio,125,106,202302110ATL
2023-2-11,Philadelphia,Brooklyn,101,98,202302110BRK
2023-2-11,Denver,Charlotte,119,105,202302110CHO
2023-2-11,Cleveland,Chicago,97,89,202302110CLE
2023-2-11,LA Lakers,Golden State,109,103,202302110GSW
2023-2-11,New York,Utah,126,120,202302110NYK
2023-2-11,Miami,Orlando,107,103,202302110ORL
2023-2-11,Sacramento,Dallas,133,128,202302110SAC
2023-2-11,Washington,Indiana,127,113,202302110WAS
2023-2-12,Boston,Memphis,119,109,202302120BOS
2023-2-12,Toronto,Detroit,119,118,202302120TOR
2023-2-13,Orlando,Chicago,100,91,202302130CHI
2023-2-13,Charlotte,Atlanta,144,138,202302130CHO
2023-2-13,Cleveland,San Antonio,117,109,202302130CLE
2023-2-13,Minnesota,Dallas,124,121,202302130DAL
2023-2-13,Golden State,Washington,135,126,202302130GSW
2023-2-13,Utah,Indiana,123,117,202302130IND
2023-2-13,Denver,Miami,112,108,202302130MIA
2023-2-13,New York,Brooklyn,124,106,202302130NYK
2023-2-13,New Orleans,Oklahoma City,103,100,202302130OKC
2023-2-13,Philadelphia,Houston,123,104,202302130PHI
2023-2-13,Portland,LA Lakers,127,115,202302130POR
2023-2-14,LA Clippers,Golden State,134,124,202302140LAC
2023-2-14,Milwaukee,Boston,131,125,202302140MIL
2023-2-14,Phoenix,Sacramento,120,109,202302140PHO
2023-2-14,Washington,Portland,126,101,202302140POR
2023-2-14,Toronto,Orlando,123,113,202302140TOR
2023-2-15,New York,Atlanta,122,101,202302150ATL
2023-2-15,Boston,Detroit,127,109,202302150BOS
2023-2-15,Brooklyn,Miami,116,105,202302150BRK
2023-2-15,Charlotte,San Antonio,120,110,202302150CHO
2023-2-15,Denver,Dallas,118,109,202302150DEN
2023-2-15,Indiana,Chicago,117,113,202302150IND
2023-2-15,LA Lakers,New Orleans,120,102,202302150LAL
2023-2-15,Memphis,Utah,117,111,202302150MEM
2023-2-15,Oklahoma City,Houston,133,96,202302150OKC
2023-2-15,Philadelphia,Cleveland,118,112,202302150PHI
2023-2-16,Milwaukee,Chicago,112,100,202302160CHI
2023-2-16,Washington,Minnesota,114,106,202302160MIN
2023-2-16,LA Clippers,Phoenix,116,107,202302160PHO
2023-2-23,Denver,Cleveland,115,109,202302230CLE
2023-2-23,Dallas,San Antonio,142,116,202302230DAL
2023-2-23,Boston,Indiana,142,138,202302230IND
2023-2-23,LA Lakers,Golden State,124,111,202302230LAL
2023-2-23,Orlando,Detroit,108,106,202302230ORL
2023-2-23,Philadelphia,Memphis,110,105,202302230PHI
2023-2-23,Sacramento,Portland,133,116,202302230SAC
2023-2-23,Toronto,New Orleans,115,110,202302230TOR
2023-2-23,Utah,Oklahoma City,120,119,202302230UTA
2023-2-24,Atlanta,Cleveland,136,119,202302240ATL
2023-2-24,Chicago,Brooklyn,131,87,202302240CHI
2023-2-24,Golden State,Houston,116,101,202302240GSW
2023-2-24,Sacramento,LA Clippers,176,175,202302240LAC
2023-2-24,Milwaukee,Miami,128,99,202302240MIL
2023-2-24,Charlotte,Minnesota,121,113,202302240MIN
2023-2-24,Phoenix,Oklahoma City,124,115,202302240PHO
2023-2-24,New York,Washington,115,109,202302240WAS
2023-2-25,Charlotte,Miami,108,103,202302250CHO
2023-2-25,Toronto,Detroit,95,91,202302250DET
2023-2-25,Memphis,Denver,112,94,202302250MEM
2023-02-25,New York,New Orleans,128,106,202302250NYK
2023-02-25,Indiana,Orlando,121,108,202302250ORL
2023-02-25,Boston,Philadelphia,110,107,202302250PHI
2023-02-25,Utah,San Antonio,118,102,202302250UTA
2023-2-26,Atlanta,Brooklyn,129,127,202302260ATL
2023-2-26,Chicago,Washington,102,82,202302260CHI
2023-2-26,Cleveland,Toronto,118,93,202302260CLE
2023-2-26,LA Lakers,Dallas,111,108,202302260DAL
2023-2-26,Denver,LA Clippers,134,124,202302260DEN
2023-2-26,Golden State,Minnesota,109,104,202302260GSW
2023-2-26,Milwaukee,Phoenix,104,101,202302260MIL
2023-2-26,Sacramento,Oklahoma City,124,115,202302260OKC
2023-2-26,Portland,Houston,131,114,202302260POR
2023-2-27,Charlotte,Detroit,117,106,202302270CHO
2023-2-27,Orlando,New Orleans,101,93,202302270NOP
2023-2-27,New York,Boston,109,94,202302270NYK
2023-2-27,Miami,Philadelphia,101,99,202302270PHI
2023-2-28,Washington,Atlanta,119,116,202302280ATL
2023-2-28,Milwaukee,Brooklyn,118,104,202302280BRK
2023-2-28,Indiana,Dallas,124,122,202302280DAL
2023-2-28,Golden State,Portland,123,105,202302280GSW
2023-2-28,Denver,Houston,133,112,202302280HOU
2023-2-28,Minnesota,LA Clippers,108,101,202302280LAC
2023-2-28,Memphis,LA Lakers,121,109,202302280MEM
2023-2-28,Sacramento,Oklahoma City,123,117,202302280OKC
2023-2-28,Toronto,Chicago,104,98,202302280TOR
2023-2-28,San Antonio,Utah,102,94,202302280UTA
2023-3-1,Boston,Cleveland,117,113,202303010BOS
2023-3-1,Phoenix,Charlotte,105,91,202303010CHO
2023-3-1,Chicago,Detroit,117,115,202303010DET
2023-3-1,Memphis,Houston,113,99,202303010HOU
2023-3-1,Philadelphia,Miami,119,96,202303010MIA
2023-3-1,Milwaukee,Orlando,139,117,202303010MIL
2023-3-1,New York,Brooklyn,142,118,202303010NYK
2023-3-1,LA Lakers,Oklahoma City,123,117,202303010OKC
2023-3-1,New Orleans,Portland,121,110,202303010POR
2023-3-2,Dallas,Philadelphia,133,126,202303020DAL
2023-3-2,Golden State,LA Clippers,115,91,202303020GSW
2023-3-2,San Antonio,Indiana,110,99,202303020SAS
2023-3-2,Washington,Toronto,119,108,202303020WAS
2023-3-3,Atlanta,Portland,129,111,202303030ATL
2023-3-3,Brooklyn,Boston,115,105,202303030BOS
2023-3-3,Phoenix,Chicago,125,104,202303030CHI
2023-3-3,Orlando,Charlotte,117,106,202303030CHO
2023-3-3,Denver,Memphis,113,97,202303030DEN
2023-3-3,Golden State,New Orleans,108,99,202303030GSW
2023-3-3,Minnesota,LA Lakers,110,102,202303030LAL
2023-3-3,New York,Miami,122,120,202303030MIA
2023-3-3,Oklahoma City,Utah,130,103,202303030OKC
2023-3-3,Sacramento,LA Clippers,128,127,202303030SAC
2023-3-4,Cleveland,Detroit,114,90,202303040CLE
2023-3-4,Miami,Atlanta,117,109,202303040MIA
2023-3-4,Philadelphia,Milwaukee,133,130,202303040MIL
2023-3-4,Minnesota,Sacramento,138,134,202303040SAC
2023-3-4,Houston,San Antonio,122,110,202303040SAS
2023-3-4,Toronto,Washington,116,109,202303040WAS
2023-3-5,New York,Boston,131,129,202303050BOS
2023-3-5,Brooklyn,Charlotte,102,86,202303050BRK
2023-3-5,Indiana,Chicago,125,122,202303050CHI
2023-3-5,Phoenix,Dallas,130,126,202303050DAL
2023-3-5,Houston,San Antonio,142,110,202303050HOU
2023-3-5,LA Clippers,Memphis,135,129,202303050LAC
2023-3-5,LA Lakers,Golden State,113,105,202303050LAL
2023-3-5,Oklahoma City,Utah,129,119,202303050OKC
2023-3-5,Portland,Orlando,122,119,202303050ORL
2023-3-5,Milwaukee,Washington,117,111,202303050WAS
2023-3-6,Cleveland,Boston,118,114,202303060CLE
2023-3-6,Denver,Toronto,118,113,202303060DEN
2023-3-6,Portland,Detroit,110,104,202303060DET
2023-3-6,Philadelphia,Indiana,147,143,202303060IND
2023-3-6,Miami,Atlanta,130,128,202303060MIA
2023-3-6,Sacramento,New Orleans,123,108,202303060SAC
2023-3-7,Dallas,Utah,120,116,202303070DAL
2023-3-7,Washington,Detroit,119,117,202303070DET
2023-3-7,Brooklyn,Houston,118,96,202303070HOU
2023-3-7,LA Lakers,Memphis,112,103,202303070LAL
2023-3-7,Philadelphia,Minnesota,117,94,202303070MIN
2023-3-7,Charlotte,New York,112,105,202303070NYK
2023-3-7,Oklahoma City,Golden State,137,128,202303070OKC
2023-3-7,Milwaukee,Orlando,134,123,202303070ORL
2023-3-8,Boston,Portland,115,93,202303080BOS
2023-3-8,Chicago,Denver,117,96,202303080DEN
2023-3-8,LA Clippers,Toronto,108,100,202303080LAC
2023-3-8,Cleveland,Miami,104,100,202303080MIA
2023-3-8,New Orleans,Dallas,113,106,202303080NOP
2023-3-8,Phoenix,Oklahoma City,132,101,202303080PHO
2023-3-8,Atlanta,Washington,122,120,202303080WAS
2023-3-9,Charlotte,Detroit,113,103,202303090DET
2023-3-9,Indiana,Houston,134,125,202303090IND
2023-3-9,Memphis,Golden State,131,110,202303090MEM
2023-3-9,Milwaukee,Brooklyn,118,113,202303090MIL
2023-3-9,Utah,Orlando,131,124,202303090ORL
2023-3-9,Sacramento,New York,122,117,202303090SAC
2023-3-10,LA Lakers,Toronto,122,112,202303100LAL
2023-3-10,Miami,Cleveland,119,115,202303100MIA
2023-3-10,Brooklyn,Minnesota,124,123,202303100MIN
2023-3-10,Philadelphia,Portland,120,119,202303100PHI
2023-3-10,San Antonio,Denver,128,120,202303100SAS
2023-3-10,Atlanta,Washington,114,107,202303100WAS
2023-3-11,Boston,Atlanta,134,125,202303110ATL
2023-3-11,Utah,Charlotte,119,111,202303110CHO
2023-3-11,Indiana,Detroit,121,115,202303110DET
2023-3-11,Golden State,Milwaukee,125,116,202303110GSW
2023-3-11,Chicago,Houston,119,111,202303110HOU
2023-03-11,LA Clippers,New York,106,95,202303110LAC
2023-03-11,Memphis,Dallas,112,108,202303110MEM
2023-03-11,Oklahoma City,New Orleans,110,96,202303110NOP
2023-03-11,Orlando,Miami,126,114,202303110ORL
2023-03-11,Sacramento,Phoenix,128,119,202303110PHO
2023-3-12,Cleveland,Charlotte,114,108,202303120CHO
2023-3-12,Brooklyn,Denver,122,120,202303120DEN
2023-3-12,New York,LA Lakers,112,108,202303120LAL
2023-3-12,New Orleans,Portland,127,110,202303120NOP
2023-3-12,Philadelphia,Washington,112,93,202303120PHI
2023-3-12,Oklahoma City,San Antonio,102,90,202303120SAS
2023-3-13,Minnesota,Atlanta,136,115,202303130ATL
2023-3-13,Memphis,Dallas,104,88,202303130DAL
2023-3-13,Detroit,Indiana,117,97,202303130DET
2023-3-13,Golden State,Phoenix,123,112,202303130GSW
2023-3-13,Houston,Boston,111,109,202303130HOU
2023-3-13,Miami,Utah,119,115,202303130MIA
2023-3-13,Milwaukee,Sacramento,133,124,202303130SAC
2023-3-14,Cleveland,Charlotte,120,104,202303140CHO
2023-3-14,LA Lakers,New Orleans,123,108,202303140NOP
2023-3-14,Oklahoma City,Brooklyn,121,107,202303140OKC
2023-3-14,Milwaukee,Phoenix,116,104,202303140PHO
2023-3-14,New York,Portland,123,107,202303140POR
2023-3-14,San Antonio,Orlando,132,114,202303140SAS
2023-3-14,Toronto,Denver,125,110,202303140TOR
2023-3-14,Washington,Detroit,117,97,202303140WAS
2023-03-15,Sacramento,Chicago,117,114,202303150CHI
2023-03-15,Philadelphia,Cleveland,118,109,202303150CLE
2023-03-15,Houston,LA Lakers,114,110,202303150HOU
2023-03-15,LA Clippers,Golden State,134,126,202303150LAC
2023-03-15,Miami,Memphis,138,119,202303150MIA
2023-03-15,Boston,Minnesota,104,102,202303150MIN
2023-03-15,Dallas,San Antonio,137,128,202303150SAS
2023-03-16,Sacramento,Brooklyn,101,96,202303160BRK
2023-03-16,Denver,Detroit,119,100,202303160DET
2023-03-16,Indiana,Milwaukee,139,123,202303160MIL
2023-03-16,Phoenix,Orlando,116,113,202303160PHO
2023-03-16,Toronto,Oklahoma City,128,111,202303160TOR
2023-3-17,Atlanta,Golden State,127,119,202303170ATL
2023-3-17,Chicago,Minnesota,139,131,202303170CHI
2023-03-17,Philadelphia,Charlotte,121,82,202303170CHO
2023-03-17,Cleveland,Washington,117,94,202303170CLE
2023-03-17,Houston,New Orleans,114,112,202303170HOU
2023-03-17,Dallas,LA Lakers,111,110,202303170LAL
2023-03-17,Boston,Portland,126,112,202303170POR
2023-03-17,Memphis,San Antonio,126,120,202303170SAS
2023-3-18,Chicago,Miami,113,99,202303180CHI
2023-3-18,Philadelphia,Indiana,141,121,202303180IND
2023-3-18,Orlando,LA Clippers,113,108,202303180LAC
2023-3-18,Memphis,Golden State,133,119,202303180MEM
2023-3-18,New York,Denver,116,110,202303180NYK
2023-3-18,Toronto,Minnesota,122,107,202303180TOR
2023-3-18,Utah,Boston,118,117,202303180UTA
2023-3-18,Sacramento,Washington,132,118,202303180WAS
2023-3-19,Denver,Brooklyn,108,102,202303190BRK
2023-3-19,Miami,Detroit,112,100,202303190DET
2023-3-19,New Orleans,Houston,117,107,202303190HOU
2023-3-19,LA Lakers,Orlando,111,105,202303190LAL
2023-3-19,Milwaukee,Toronto,118,111,202303190MIL
2023-3-19,Oklahoma City,Phoenix,124,120,202303190OKC
2023-3-19,LA Clippers,Portland,117,102,202303190POR
2023-3-19,San Antonio,Atlanta,126,118,202303190SAS
2023-3-20,Charlotte,Indiana,115,109,202303200CHO
2023-3-20,Golden State,Houston,121,108,202303200HOU
2023-3-20,Memphis,Dallas,112,108,202303200MEM
2023-3-20,Minnesota,New York,140,134,202303200NYK
2023-3-20,Chicago,Philadelphia,109,105,202303200PHI
2023-3-20,Utah,Sacramento,128,120,202303200UTA
2023-3-21,Atlanta,Detroit,129,107,202303210ATL
2023-3-21,Cleveland,Brooklyn,115,109,202303210BRK
2023-3-21,Oklahoma City,LA Clippers,101,100,202303210LAC
2023-3-21,New Orleans,San Antonio,119,84,202303210NOP
2023-3-21,Orlando,Washington,122,112,202303210ORL
2023-3-21,Boston,Sacramento,132,109,202303210SAC
2023-3-22,Philadelphia,Chicago,116,91,202303220CHI
2023-3-22,Golden State,Dallas,127,125,202303220DAL
2023-3-22,LA Lakers,Phoenix,122,111,202303220LAL
2023-3-22,Memphis,Houston,130,125,202303220MEM
2023-3-22,Miami,New York,127,120,202303220MIA
2023-3-22,Milwaukee,San Antonio,130,94,202303220MIL
2023-3-22,Minnesota,Atlanta,125,124,202303220MIN
2023-3-22,Indiana,Toronto,118,114,202303220TOR
2023-3-22,Portland,Utah,127,115,202303220UTA
2023-3-22,Denver,Washington,118,104,202303220WAS
2023-3-23,Cleveland,Brooklyn,116,114,202303230BRK
2023-3-23,LA Clippers,Oklahoma City,127,105,202303230LAC
2023-3-23,New Orleans,Charlotte,115,96,202303230NOP
2023-3-23,Orlando,New York,111,106,202303230ORL
2023-3-24,Boston,Indiana,120,95,202303240BOS
2023-3-24,Charlotte,Dallas,117,109,202303240DAL
2023-3-24,Golden State,Philadelphia,120,112,202303240GSW
2023-3-24,LA Lakers,Oklahoma City,116,111,202303240LAL
2023-3-24,Memphis,Houston,151,114,202303240MEM
2023-3-24,Chicago,Portland,124,96,202303240POR
2023-3-24,Sacramento,Phoenix,135,127,202303240SAC
2023-3-24,Toronto,Detroit,118,97,202303240TOR
2023-3-24,Milwaukee,Utah,144,116,202303240UTA
2023-3-24,Washington,San Antonio,136,124,202303240WAS
2023-3-25,Atlanta,Indiana,143,130,202303250ATL
2023-3-25,Denver,Milwaukee,129,106,202303250DEN
2023-3-25,New Orleans,LA Clippers,131,110,202303250LAC
2023-3-25,Brooklyn,Miami,129,100,202303250MIA
2023-3-25,Phoenix,Philadelphia,125,105,202303250PHO
2023-3-25,Sacramento,Utah,121,113,202303250SAC
2023-3-26,Memphis,Atlanta,123,119,202303260ATL
2023-3-26,Boston,San Antonio,137,93,202303260BOS
2023-3-26,Charlotte,Dallas,110,104,202303260CHO
2023-3-26,Cleveland,Houston,108,91,202303260CLE
2023-3-26,Minnesota,Golden State,99,96,202303260GSW
2023-3-26,Chicago,LA Lakers,118,108,202303260LAL
2023-3-26,Orlando,Brooklyn,119,106,202303260ORL
2023-3-26,Oklahoma City,Portland,118,112,202303260POR
2023-3-26,Toronto,Washington,114,104,202303260TOR
2023-3-27,Denver,Philadelphia,116,111,202303270DEN
2023-3-27,Milwaukee,Detroit,126,117,202303270DET
2023-3-27,Dallas,Indiana,127,104,202303270IND
2023-3-27,LA Clippers,Chicago,124,112,202303270LAC
2023-3-27,New York,Houston,137,115,202303270NYK
2023-3-27,New Orleans,Portland,124,90,202303270POR
2023-3-27,Minnesota,Sacramento,119,115,202303270SAC
2023-3-27,Phoenix,Utah,117,103,202303270UTA
2023-3-28,Atlanta,Cleveland,120,118,202303280ATL
2023-3-28,Golden State,New Orleans,120,109,202303280GSW
2023-3-28,Memphis,Orlando,113,108,202303280MEM
2023-3-28,Charlotte,Oklahoma City,137,134,202303280OKC
2023-3-28,Toronto,Miami,106,92,202303280TOR
2023-3-28,Washington,Boston,130,111,202303280WAS
2023-3-29,Brooklyn,Houston,123,114,202303290BRK
2023-3-29,LA Lakers,Chicago,121,110,202303290CHI
2023-3-29,Milwaukee,Indiana,149,136,202303290IND
2023-3-29,LA Clippers,Memphis,141,132,202303290MEM
2023-3-29,New York,Miami,101,92,202303290NYK
2023-3-29,Oklahoma City,Detroit,107,106,202303290OKC
2023-3-29,Philadelphia,Dallas,116,108,202303290PHI
2023-3-29,Phoenix,Minnesota,107,100,202303290PHO
2023-3-29,Sacramento,Portland,120,80,202303290POR
2023-3-29,Utah,San Antonio,128,117,202303290SAS
2023-3-30,New Orleans,Denver,107,88,202303300DEN
2023-3-30,Boston,Milwaukee,140,99,202303300MIL
2023-3-31,Boston,Utah,122,114,202303310BOS
2023-3-31,Brooklyn,Atlanta,124,107,202303310BRK
2023-3-31,Chicago,Charlotte,121,91,202303310CHO
2023-3-31,New York,Cleveland,130,116,202303310CLE
2023-3-31,Golden State,San Antonio,130,115,202303310GSW
2023-3-31,Houston,Detroit,121,115,202303310HOU
2023-3-31,Indiana,Oklahoma City,121,117,202303310IND
2023-3-31,Memphis,LA Clippers,108,94,202303310MEM
2023-3-31,LA Lakers,Minnesota,123,111,202303310MIN
2023-3-31,Philadelphia,Toronto,117,110,202303310PHI
2023-3-31,Phoenix,Denver,100,93,202303310PHO
2023-3-31,Sacramento,Portland,138,114,202303310POR
2023-3-31,Orlando,Washington,116,109,202303310WAS
2023-4-1,Miami,Dallas,129,122,202304010MIA
2023-4-1,New Orleans,LA Clippers,122,114,202304010NOP
2023-4-2,Atlanta,Dallas,132,130,202304020ATL
2023-4-2,Brooklyn,Utah,111,110,202304020BRK
2023-4-2,Chicago,Memphis,128,107,202304020CHI
2023-4-2,Toronto,Charlotte,128,108,202304020CHO
2023-4-2,Cleveland,Indiana,115,105,202304020CLE
2023-4-2,Denver,Golden State,112,110,202304020DEN
2023-4-2,LA Lakers,Houston,134,109,202304020HOU
2023-4-2,Milwaukee,Philadelphia,117,104,202304020MIL
2023-4-2,Portland,Minnesota,107,105,202304020MIN
2023-4-2,New York,Washington,118,109,202304020NYK
2023-4-2,Phoenix,Oklahoma City,128,118,202304020OKC
2023-4-2,Orlando,Detroit,128,102,202304020ORL
2023-4-2,San Antonio,Sacramento,142,134,202304020SAC
2023-04-04,Minnesota,Brooklyn,107,102,202304040BRK
2023-04-04,Atlanta,Chicago,123,105,202304040CHI
2023-04-04,Toronto,Charlotte,120,100,202304040CHO
2023-04-04,Miami,Detroit,118,105,202304040DET
2023-04-04,Golden State,Oklahoma City,136,125,202304040GSW
2023-04-04,Houston,Denver,124,103,202304040HOU
2023-04-04,Memphis,Portland,119,109,202304040MEM
2023-04-04,Sacramento,New Orleans,121,103,202304040NOP
2023-04-04,Cleveland,Orlando,117,113,202304040ORL
2023-04-04,Philadelphia,Boston,103,101,202304040PHI
2023-04-04,Phoenix,San Antonio,115,94,202304040PHO
2023-04-04,LA Lakers,Utah,135,133,202304040UTA
2023-04-04,Milwaukee,Washington,140,128,202304040WAS
2023-04-05,Atlanta,Washington,134,116,202304050ATL
2023-04-05,Boston,Toronto,97,93,202304050BOS
2023-04-05,Dallas,Sacramento,123,119,202304050DAL
2023-04-05,Brooklyn,Detroit,123,108,202304050DET
2023-04-05,New York,Indiana,138,129,202304050IND
2023-04-05,LA Clippers,LA Lakers,125,118,202304050LAC
2023-04-05,Milwaukee,Chicago,105,92,202304050MIL
2023-04-05,New Orleans,Memphis,138,131,202304050NOP
2023-04-06,Cleveland,Orlando,118,94,202304060ORL
2023-04-06,Miami,Philadelphia,129,101,202304060PHI
2023-04-06,Phoenix,Denver,119,115,202304060PHO
2023-04-06,San Antonio,Portland,129,127,202304060SAS
2023-04-06,Oklahoma City,Utah,114,98,202304060UTA
2023-04-07,Philadelphia,Atlanta,136,131,202304070ATL
2023-04-07,Boston,Toronto,121,102,202304070BOS
2023-04-07,Brooklyn,Orlando,101,84,202304070BRK
2023-04-07,Houston,Charlotte,112,109,202304070CHO
2023-04-07,Chicago,Dallas,115,112,202304070DAL
2023-04-07,Detroit,Indiana,122,115,202304070IND
2023-04-07,LA Lakers,Phoenix,121,107,202304070LAL
2023-04-07,Memphis,Milwaukee,137,114,202304070MIL
2023-04-07,New Orleans,New York,113,105,202304070NOP
2023-04-07,Golden State,Sacramento,119,97,202304070SAC
2023-04-07,Washington,Miami,114,108,202304070WAS
2023-04-08,LA Clippers,Portland,136,125,202304080LAC
2023-04-08,Minnesota,San Antonio,151,131,202304080SAS
2023-04-08,Utah,Denver,118,114,202304080UTA
2023-4-9,Boston,Atlanta,120,114,202304090BOS
2023-4-9,Philadelphia,Brooklyn,134,105,202304090BRK
2023-4-9,Chicago,Detroit,103,81,202304090CHI
2023-4-9,Charlotte,Cleveland,106,95,202304090CLE
2023-4-9,San Antonio,Dallas,138,117,202304090DAL
2023-4-9,Denver,Sacramento,109,95,202304090DEN
2023-4-9,LA Lakers,Utah,128,117,202304090LAL
2023-4-9,Miami,Orlando,123,110,202304090MIA
2023-4-9,Minnesota,New Orleans,113,108,202304090MIN
2023-4-9,Indiana,New York,141,136,202304090NYK
2023-4-9,Oklahoma City,Memphis,115,100,202304090OKC
2023-4-9,LA Clippers,Phoenix,119,114,202304090PHO
2023-4-9,Golden State,Portland,157,101,202304090POR
2023-4-9,Toronto,Milwaukee,121,105,202304090TOR
2023-4-9,Houston,Washington,114,109,202304090WAS
